Rank,Athlete,Nation,Bodyweight,Snatch,Clean & Jerk,Total,Year
1,Halil Mutlu ,Turkey,53.91,132.5,155.0,287.5,1996
2,Zhang Xiangsen ,China,53.39,130.0,150.0,280.0,1996
3,Sevdalin Minchev ,Bulgaria,54.0,125.0,152.5,277.5,1996
4,Lan Shizhang ,China,53.61,125.0,150.0,275.0,1996
5,Traian Cihărean ,Romania,53.9,120.0,145.0,265.0,1996
6,Ivan Ivanov ,Bulgaria,53.9,112.5,145.0,257.5,1996
7,Ko Kwang-ku ,South Korea,53.89,115.0,140.0,255.0,1996
8,Juan Fernández ,Colombia,53.94,110.0,145.0,255.0,1996
9,Wang Shin-yuan ,Chinese Taipei,53.56,105.0,145.0,250.0,1996
10,Toshiyuki Notomi ,Japan,53.6,110.0,140.0,250.0,1996
11,Eric Bonnel ,France,53.68,115.0,135.0,250.0,1996
12,Hari Setiawan ,Indonesia,53.9,105.0,145.0,250.0,1996
13,Marek Gorzelniak ,Poland,53.85,107.5,137.5,245.0,1996
14,Viktor Yansky ,Uzbekistan,53.94,107.5,135.0,242.5,1996
15,Giovanni Scarantino ,Italy,53.89,110.0,130.0,240.0,1996
16,Nelson Castro ,Colombia,53.05,105.0,130.0,235.0,1996
17,Johnny Nguyen ,Australia,54.0,100.0,132.5,232.5,1996
18,Badathala Adisekhar ,India,53.93,105.0,125.0,230.0,1996
19,Vladimirs Morozovs ,Latvia,53.81,100.0,122.5,222.5,1996
20,Luis Medrano ,Guatemala,53.41,100.0,120.0,220.0,1996
21,Gino Soupprayen Padiatty ,Mauritius,53.43,95.0,105.0,200.0,1996
1,Tang Lingsheng ,China,58.61,137.5,170.0,307.5,1996
2,Leonidas Sabanis ,Greece,58.53,137.5,167.5,305.0,1996
3,Nikolay Peshalov ,Bulgaria,58.88,137.5,165.0,302.5,1996
4,Hiroshi Ikehata ,Japan,58.66,132.5,165.0,297.5,1996
5,William Vargas ,Cuba,58.73,135.0,162.5,297.5,1996
6,Xu Dong ,China,58.6,132.5,162.5,295.0,1996
7,Yurik Sarkisian ,Australia,58.6,125.0,155.0,280.0,1996
8,Zoltán Farkas ,Hungary,58.9,130.0,150.0,280.0,1996
9,Bryan Jacob ,United States,58.82,122.5,150.0,272.5,1996
10,Petr Stanislav ,Czech Republic,58.7,112.5,142.5,255.0,1996
11,Raghavan Chanderasekaran ,India,58.89,112.5,140.0,252.5,1996
12,Viktor Sinyak ,Belarus,58.7,112.5,137.5,250.0,1996
13,César Rodríguez ,Puerto Rico,58.21,110.0,132.5,242.5,1996
14,Nuno Alves ,Portugal,58.28,102.5,135.0,237.5,1996
15,Bonayan Al-Dosari ,Saudi Arabia,58.89,102.5,125.0,227.5,1996
16,Moustafa Buihamghet ,Morocco,58.62,90.0,120.0,210.0,1996
1,Naim Süleymanoğlu ,Turkey,63.9,147.5,187.5,335.0,1996
2,Valerios Leonidis ,Greece,63.22,145.0,187.5,332.5,1996
3,Xiao Jiangang ,China,63.15,145.0,177.5,322.5,1996
4,Georgios Tzelilis ,Greece,63.5,145.0,177.5,322.5,1996
5,Adrián Popa ,Hungary,63.93,135.0,172.5,307.5,1996
6,Ilian Iliev ,Bulgaria,63.9,142.5,162.5,305.0,1996
7,Mücahit Yağci ,Turkey,63.46,135.0,167.5,302.5,1996
8,Zoltán Kecskés ,Hungary,63.6,135.0,167.5,302.5,1996
9,Petar Petrov ,Bulgaria,63.68,140.0,160.0,300.0,1996
10,Yoshihisa Miyaji ,Japan,63.63,140.0,157.5,297.5,1996
11,Umar Edelkhanov ,Russia,63.9,132.5,162.5,295.0,1996
12,Eduard Darbinyan ,Armenia,63.61,132.5,160.0,292.5,1996
13,Hwang Hui-yeol ,South Korea,63.88,132.5,160.0,292.5,1996
14,Liao Hsing-Chou ,Chinese Taipei,63.74,125.0,165.0,290.0,1996
15,Masato Tachibana ,Japan,63.63,125.0,162.5,287.5,1996
16,Aleksandr Okhramenko ,Kazakhstan,63.65,127.5,160.0,287.5,1996
17,Vladimir Popov ,Moldova,63.74,130.0,157.5,287.5,1996
18,Marius Cihărean ,Romania,63.9,130.0,155.0,285.0,1996
19,Lucian Maxinianu ,Romania,63.74,130.0,155.0,285.0,1996
20,Gustavo Majauskas ,Argentina,63.99,125.0,160.0,285.0,1996
21,Wojciech Natusiewicz ,Poland,63.62,122.5,160.0,282.5,1996
22,Vernon Patao ,United States,64.0,122.5,160.0,282.5,1996
23,Oleg Yem ,Kazakhstan,63.59,130.0,150.0,280.0,1996
24,Azzedine Basbas ,Algeria,63.76,120.0,160.0,280.0,1996
25,Samson N'Dicka-Matam ,Cameroon,63.95,125.0,155.0,280.0,1996
26,Roger Berrio ,Colombia,63.63,122.5,155.0,277.5,1996
27,Alexi Batista ,Panama,63.87,122.5,150.0,272.5,1996
28,Jean Lavertue ,Canada,63.92,125.0,145.0,270.0,1996
29,Fouad Bouzenada ,Algeria,63.98,115.0,152.5,267.5,1996
30,Alfonso Grullart ,Dominican Republic,63.79,115.0,145.0,260.0,1996
31,Francisco Cáceres ,El Salvador,64.0,115.0,145.0,260.0,1996
32,Thanh Nguyen ,United States,63.93,112.5,145.0,257.5,1996
33,Sandeep Kumar ,India,63.57,110.0,142.5,252.5,1996
34,Miodrag Kovačić ,YUG,63.9,110.0,137.5,247.5,1996
1,Zhan Xugang ,China,69.98,162.5,195.0,357.5,1996
2,Kim Myong-nam ,North Korea,69.79,160.0,185.0,345.0,1996
3,Attila Feri ,Hungary,69.2,152.5,187.5,340.0,1996
4,Plamen Zhelyazkov ,Bulgaria,69.61,155.0,180.0,335.0,1996
5,Abdel Manaane Yahiaoui ,Algeria,69.62,150.0,185.0,335.0,1996
6,Israel Militosyan ,Armenia,69.88,152.5,182.5,335.0,1996
7,Wan Jianhui ,China,69.5,152.5,180.0,332.5,1996
8,Idalberto Aranda ,Cuba,69.84,145.0,187.5,332.5,1996
9,Zlatan Vasilev ,Bulgaria,69.31,150.0,180.0,330.0,1996
10,Andreas Behm ,Germany,69.39,147.5,180.0,327.5,1996
11,Ergun Batmaz ,Turkey,69.55,150.0,175.0,325.0,1996
12,Hayk Yeghiazaryan ,Armenia,69.86,145.0,180.0,325.0,1996
13,Christos Spyrou ,Greece,69.51,145.0,177.5,322.5,1996
14,Tim McRae ,United States,69.86,145.0,177.5,322.5,1996
15,Oleksiy Khizhniak ,Ukraine,69.94,142.5,177.5,320.0,1996
16,Serghei Cretu ,Moldova,69.68,142.5,172.5,315.0,1996
17,Jouni Grönman ,Finland,69.56,142.5,170.0,312.5,1996
18,Mojisola Oluwa ,Nigeria,69.84,140.0,170.0,310.0,1996
19,Noriaki Horikoshi ,Japan,69.22,137.5,170.0,307.5,1996
20,Rudolf Lukáč ,Slovakia,69.38,135.0,167.5,302.5,1996
21,André Aldenhov ,Sweden,69.83,135.0,165.0,300.0,1996
22,Abdalla Al-Sebaei ,Syria,69.89,130.0,160.0,290.0,1996
23,Samsudeen Kabeer ,India,69.75,125.0,150.0,275.0,1996
24,Marcelo Gandolfo ,Argentina,69.05,120.0,140.0,260.0,1996
1,Pablo Lara ,Cuba,75.91,162.5,205.0,367.5,1996
2,Yoto Yotov ,Bulgaria,75.91,160.0,200.0,360.0,1996
3,Jon Chol-ho ,North Korea,75.62,162.5,195.0,357.5,1996
4,Viktor Mitrou ,Greece,75.82,162.5,195.0,357.5,1996
5,Lin Shoufeng ,China,75.91,157.5,195.0,352.5,1996
6,Ingo Steinhöfel ,Germany,75.77,160.0,187.5,347.5,1996
7,Sergey Filimonov ,Russia,75.96,160.0,185.0,345.0,1996
8,Hovhannes Barseghyan ,Armenia,75.97,155.0,190.0,345.0,1996
9,Leonid Lobachov ,Belarus,75.65,160.0,182.5,342.5,1996
10,Andrey Poitschke ,Germany,75.41,155.0,180.0,335.0,1996
11,Oleg Kechko ,Belarus,75.79,155.0,180.0,335.0,1996
12,Álvaro Velasco ,Colombia,75.92,145.0,180.0,325.0,1996
13,Vladimir Birsa ,Moldova,75.55,147.5,175.0,322.5,1996
14,Ilirjan Suli ,Albania,75.93,147.5,175.0,322.5,1996
15,Satheesha Rai ,India,75.53,140.0,177.5,317.5,1996
16,Ilie Fǎtu ,Romania,75.09,135.0,180.0,315.0,1996
17,Damian Brown ,Australia,75.91,140.0,175.0,315.0,1996
18,Ofisa Ofisa ,Samoa,75.87,127.5,160.0,287.5,1996
19,Edward Silva ,Uruguay,74.43,120.0,147.5,267.5,1996
20,Quincy Detenamo ,Nauru,75.97,110.0,142.5,252.5,1996
21,Isnardo Faro ,Aruba,75.95,112.5,137.5,250.0,1996
1,Pyrros Dimas ,Greece,82.06,180.0,213.0,392.5,1996
2,Marc Huster ,Germany,82.36,170.0,213.5,382.5,1996
3,Andrzej Cofalik ,Poland,82.44,170.0,202.5,372.5,1996
4,Kiril Kounev ,Australia,82.73,170.0,200.0,370.0,1996
5,Vadim Vacarciuc ,Moldova,82.63,165.0,202.5,367.5,1996
6,Sergo Chakhoyan ,Armenia,80.87,170.0,195.0,365.0,1996
7,Dursun Sevinc ,Turkey,82.8,165.0,197.5,362.5,1996
8,Krastyu Milev ,Bulgaria,82.71,160.0,200.0,360.0,1996
9,Bidzina Mikiashvili ,Georgia,82.97,160.0,200.0,360.0,1996
10,Rishat Mansurov ,Kazakhstan,82.72,155.0,182.5,337.5,1996
11,Tofig Heydarov ,Azerbaijan,82.83,150.0,180.0,330.0,1996
12,Anthony Arthur ,Great Britain,81.99,147.5,180.0,327.5,1996
13,Serge Tremblay ,Canada,82.44,150.0,177.5,327.5,1996
14,Wu Tsai-fu ,Chinese Taipei,77.89,137.5,175.0,312.5,1996
15,Dainis Zīlītis ,Latvia,82.53,145.0,167.5,312.5,1996
16,Kuo Tai-chih ,Chinese Taipei,81.86,125.0,165.0,290.0,1996
17,Rupeni Varea ,Fiji,81.01,115.0,150.0,265.0,1996
18,Steven Baccus ,Seychelles,81.11,115.0,145.0,260.0,1996
1,Aleksei Petrov ,Russia,90.89,187.5,215.0,402.5,1996
2,Leonidas Kokas ,Greece,89.28,175.0,215.0,390.0,1996
3,Oliver Caruso ,Germany,90.65,175.0,215.0,390.0,1996
4,Sunay Bulut ,Turkey,90.82,177.5,212.5,390.0,1996
5,Igor Alekseyev ,Russia,90.5,182.5,205.0,387.5,1996
6,Carlos Alexis Hernández ,Cuba,90.87,175.0,207.5,382.5,1996
7,Oleh Chumak ,Ukraine,89.46,167.5,212.5,380.0,1996
8,Plamen Bratoychev ,Bulgaria,90.93,175.0,205.0,380.0,1996
9,Julio César Luña ,Venezuela,90.28,165.0,210.0,375.0,1996
10,Martin Tešovič ,Slovakia,90.39,162.5,210.0,372.5,1996
11,Marek Maślany ,Poland,90.63,165.0,205.0,370.0,1996
12,Enrique Sabari ,Cuba,90.72,165.0,205.0,370.0,1996
13,Aleksander Karapetyan ,Armenia,90.25,167.5,200.0,367.5,1996
14,Tom Gough ,United States,90.92,167.5,200.0,367.5,1996
15,Vladimir Khlud ,Belarus,90.05,165.0,195.0,360.0,1996
16,Harvey Goodman ,Australia,89.94,157.5,200.0,357.5,1996
17,Viktor Belyatsky ,Belarus,90.56,167.5,190.0,357.5,1996
18,Andrey Makarov ,Kazakhstan,86.58,165.0,190.0,355.0,1996
19,Cédric Plançon ,France,87.56,155.0,190.0,345.0,1996
20,Im Dong-gi ,South Korea,89.82,155.0,190.0,345.0,1996
21,Raffaele Mancino ,Italy,90.21,160.0,180.0,340.0,1996
22,Eric Brown ,American Samoa,90.05,150.0,180.0,330.0,1996
23,Ramūnas Vyšniauskas ,Lithuania,90.35,140.0,175.0,315.0,1996
24,Gerard Garabwan ,Nauru,90.87,115.0,150.0,265.0,1996
1,Kakhi Kakhiashvili ,Greece,96.78,185.0,235.0,420.0,1996
2,Anatoly Khrapaty ,Kazakhstan,98.4,187.5,222.5,410.0,1996
3,Denys Gotfrid ,Ukraine,97.17,187.5,215.0,402.5,1996
4,Stanislav Rybalchenko ,Ukraine,98.55,182.5,212.5,395.0,1996
5,Vyacheslav Rubin ,Russia,98.83,175.0,215.0,390.0,1996
6,Dmitry Smirnov ,Russia,98.86,175.0,215.0,390.0,1996
7,Igor Sadykov ,Germany,98.34,177.5,207.5,385.0,1996
8,Aghvan Grigoryan ,Armenia,98.33,175.0,205.0,380.0,1996
9,Oleg Chiritsa ,Belarus,98.63,172.5,207.5,380.0,1996
10,Choi Dong-kil ,South Korea,97.23,165.0,207.5,372.5,1996
11,Tharwat Bendary ,Egypt,97.81,167.5,205.0,372.5,1996
12,Lorenzo Carrió ,Spain,98.6,167.5,200.0,367.5,1996
13,Aleksandr Urinov ,Uzbekistan,97.72,172.5,192.5,365.0,1996
14,Peter Kelley ,United States,98.96,160.0,197.5,357.5,1996
15,Yoshimitsu Nishimoto ,Japan,98.07,155.0,200.0,355.0,1996
16,Jaroslav Jokeľ ,Slovakia,98.35,160.0,192.5,352.5,1996
17,Mihai Vihodet ,Moldova,98.2,162.5,185.0,347.5,1996
18,Deivan Valencia ,Colombia,98.31,152.5,195.0,347.5,1996
19,Roman Polom ,Czech Republic,98.53,160.0,187.5,347.5,1996
20,Ivars Zdanovskis ,Latvia,98.79,150.0,187.5,337.5,1996
21,Emilson Dantas ,Brazil,98.81,152.5,182.5,335.0,1996
22,Cristian Escalante ,Chile,98.46,142.5,172.5,315.0,1996
23,Raed Ahmed ,Iraq,97.8,137.5,165.0,302.5,1996
24,Sam Nunuke Pera ,Cook Islands,98.11,120.0,165.0,285.0,1996
25,Collins Okothnyawallo ,Kenya,98.14,125.0,150.0,275.0,1996
26,Redha Shaaban ,Kuwait,97.83,115.0,140.0,255.0,1996
1,Timour Taimazov ,Ukraine,107.32,195.0,235.0,430.0,1996
2,Sergey Syrtsov ,Russia,107.22,195.0,225.0,420.0,1996
3,Nicu Vlad ,Romania,107.7,197.5,222.5,420.0,1996
4,Vladimir Yemelyanov ,Belarus,107.41,187.5,220.0,407.5,1996
5,Cui Wenhua ,China,102.52,190.0,215.0,405.0,1996
6,Wes Barnett ,United States,107.88,175.0,220.0,395.0,1996
7,Ara Vardanian ,Armenia,107.93,180.0,215.0,395.0,1996
8,Dariusz Osuch ,Poland,105.7,177.5,215.0,392.5,1996
9,Mario Kalinke ,Germany,102.3,177.5,212.5,390.0,1996
10,Viktors Ščerbatihs ,Latvia,107.17,177.5,212.5,390.0,1996
11,Dimitri Prochorow ,Germany,107.32,175.0,215.0,390.0,1996
12,Konstantine Starikovitch ,United States,106.9,177.5,210.0,387.5,1996
13,Chun Sang-suk ,South Korea,107.93,170.0,210.0,380.0,1996
14,Janne Kanerva ,Finland,107.44,160.0,200.0,360.0,1996
15,Hisaya Yoshimoto ,Japan,107.92,170.0,190.0,360.0,1996
16,Valentin Manushev ,Uzbekistan,107.81,160.0,190.0,350.0,1996
17,Nopadol Wanwang ,Thailand,107.33,140.0,177.5,317.5,1996
18,Shirish Rummun ,Mauritius,107.89,132.5,155.0,287.5,1996
19,Ali Kavuma ,Uganda,106.95,110.0,150.0,260.0,1996
1,Andrei Chemerkin ,Russia,165.47,197.5,260.0,457.5,1996
2,Ronny Weller ,Germany,138.09,200.0,255.0,455.0,1996
3,Stefan Botev ,Australia,123.96,200.0,250.0,450.0,1996
4,Kim Tae-hyun ,South Korea,133.3,190.0,247.5,437.5,1996
5,Aleksandr Kurlovich ,Belarus,133.74,195.0,230.0,425.0,1996
6,Manfred Nerlinger ,Germany,164.42,185.0,237.5,422.5,1996
7,Pavlos Saltsidis ,Greece,132.79,185.0,235.0,420.0,1996
8,Tibor Stark ,Hungary,128.78,187.5,227.5,415.0,1996
9,Raimonds Bergmanis ,Latvia,131.85,177.5,225.0,402.5,1996
10,Stian Grimseth ,Norway,141.96,180.0,220.0,400.0,1996
11,Erdinç Aslan ,Turkey,138.08,170.0,227.5,397.5,1996
12,Anders Bergström ,Sweden,131.21,175.0,220.0,395.0,1996
13,Ashot Danielyan ,Armenia,148.53,177.5,217.5,395.0,1996
14,Mark Henry ,United States,184.92,175.0,202.5,377.5,1996
15,Steve Kettner ,Australia,136.38,170.0,205.0,375.0,1996
16,Thomas Ingalsbe ,United States,151.22,165.0,200.0,365.0,1996
17,Sunil Lal Joshi ,Nepal,115.61,120.0,162.5,282.5,1996
1,Halil Mutlu ,Turkey,55.62,137.5,167.5,305.0,2000
2,Wu Wenxiong ,China,55.48,125.0,162.5,287.5,2000
3,Zhang Xiangxiang ,China,55.94,125.0,162.5,287.5,2000
4,Wang Shin-yuan ,Chinese Taipei,55.38,125.0,160.0,285.0,2000
5,Sergio Álvarez ,Cuba,55.66,120.0,155.0,275.0,2000
6,Adrian Jigău ,ROM,55.72,122.5,152.5,275.0,2000
7,Vitali Dzerbianiou ,Belarus,55.96,125.0,150.0,275.0,2000
8,Yang Chin-yi ,Chinese Taipei,55.58,120.0,150.0,270.0,2000
9,Oleksandr Likhvald ,Ukraine,55.86,120.0,155.0,270.0,2000
10,Hwang Kyu-dong ,South Korea,55.94,115.0,152.5,267.5,2000
11,Nelson Castro ,Colombia,55.32,115.0,145.0,260.0,2000
12,Luis Medrano ,Guatemala,55.94,115.0,142.5,257.5,2000
13,Koki Tagashira ,Japan,55.44,112.5,140.0,252.5,2000
14,Éric Bonnel ,France,55.7,112.5,140.0,252.5,2000
15,Yasuji Kikuzuma ,Japan,55.82,105.0,145.0,250.0,2000
16,Thandava Murthy Muthu ,India,55.9,110.0,135.0,245.0,2000
17,Mehmet Yağcı ,Australia,55.94,105.0,130.0,235.0,2000
18,Orlando Vásquez ,Nicaragua,55.84,102.5,130.0,232.5,2000
19,Gino Soupprayen ,Mauritius,55.88,95.0,115.0,210.0,2000
20,Martinho de Araújo ,IOA,55.54,67.5,90.0,157.5,2000
1,Nikolaj Pešalov ,Croatia,61.56,150.0,175.0,325.0,2000
2,Leonidas Sabanis ,Greece,61.3,147.5,170.0,317.5,2000
3,Henadzi Aliashchuk ,Belarus,61.68,142.5,175.0,317.5,2000
4,Le Maosheng ,China,61.28,140.0,175.0,315.0,2000
5,Mehdi Panzvan ,Iran,61.52,140.0,162.5,302.5,2000
6,Hiroshi Ikehata ,Japan,61.78,135.0,165.0,300.0,2000
7,Vladimir Popov ,Moldova,61.56,135.0,160.0,295.0,2000
8,Elkhan Suleymanov ,Azerbaijan,61.84,130.0,162.5,292.5,2000
9,Yurik Sarkisyan ,Australia,61.74,125.0,165.0,290.0,2000
10,Zoltán Farkas ,Hungary,61.76,132.5,155.0,287.5,2000
11,Marcus Stephen ,Nauru,61.6,122.5,162.5,285.0,2000
12,Samson Matam ,France,61.88,125.0,160.0,285.0,2000
13,Dmitriy Lomakin ,Kazakhstan,61.92,132.5,150.0,282.5,2000
14,Kim Young-tae ,South Korea,61.92,120.0,155.0,275.0,2000
15,Sunday Mathias ,Nigeria,61.24,115.0,150.0,265.0,2000
1,Galabin Boevski ,Bulgaria,68.78,162.5,195.0,357.5,2000
2,Georgi Markov ,Bulgaria,68.92,165.0,187.5,352.5,2000
3,Siarhei Laurenau ,Belarus,68.42,157.5,182.5,340.0,2000
4,Zhang Guozheng ,China,68.64,152.5,185.0,337.5,2000
5,Rudik Petrosyan ,Armenia,68.84,147.5,187.5,335.0,2000
6,Valerios Leonidis ,Greece,68.4,145.0,185.0,330.0,2000
7,Lee Bae-young ,South Korea,68.64,142.5,187.5,330.0,2000
8,Kim Hak-bong ,South Korea,68.84,147.5,182.5,330.0,2000
9,Turan Mirzayev ,Azerbaijan,68.5,147.5,180.0,327.5,2000
10,Youssef Sbai ,Tunisia,68.48,142.5,177.5,320.0,2000
11,Yoshihisa Miyaji ,Japan,68.92,150.0,170.0,320.0,2000
12,François Demeure ,Belgium,68.58,140.0,170.0,310.0,2000
13,Giuseppe Ficco ,Italy,68.92,132.5,170.0,302.5,2000
14,Yasin Arslan ,Turkey,68.2,135.0,165.0,300.0,2000
15,Sébastien Groulx ,Canada,68.3,130.0,167.5,297.5,2000
16,Alexi Batista ,Panama,68.48,112.5,130.0,242.5,2000
1,Zhan Xugang ,China,76.2,160.0,207.5,367.5,2000
2,Viktor Mitrou ,Greece,76.48,165.0,202.5,367.5,2000
3,Arsen Melikyan ,Armenia,76.68,167.5,197.5,365.0,2000
4,Sergey Filimonov ,Kazakhstan,76.9,167.5,195.0,362.5,2000
5,Ilirjan Suli ,Albania,76.66,162.5,192.5,355.0,2000
6,Jon Chol-ho ,North Korea,76.58,162.5,190.0,352.5,2000
7,Ingo Steinhöfel ,Germany,76.58,160.0,190.0,350.0,2000
8,Dmytro Hnidenko ,Ukraine,76.58,160.0,190.0,350.0,2000
9,Idalberto Aranda ,Cuba,76.86,150.0,200.0,350.0,2000
10,Mehmet Yılmaz ,Turkey,76.6,160.0,187.5,347.5,2000
11,Ruslan Savchenko ,Ukraine,76.9,157.5,180.0,337.5,2000
12,Oscar Chaplin ,United States,76.84,155.0,180.0,335.0,2000
13,Ayhan Çiçek ,Turkey,76.88,145.0,180.0,325.0,2000
14,Damian Brown ,Australia,76.8,145.0,175.0,320.0,2000
15,Carlos Saurí ,Puerto Rico,76.92,140.0,165.0,305.0,2000
16,Joseph Bellon ,Sierra Leone,76.48,95.0,105.0,200.0,2000
1,Pyrros Dimas ,Greece,84.06,175.0,215.0,390.0,2000
2,Marc Huster ,Germany,84.22,177.5,212.5,390.0,2000
3,Giorgi Asanidze ,Georgia,84.7,180.0,210.0,390.0,2000
4,Krzysztof Siemion ,Poland,84.46,167.5,212.5,380.0,2000
5,Gagik Khachatryan ,Armenia,84.68,175.0,205.0,380.0,2000
6,Sergo Chakhoyan ,Australia,82.4,175.0,202.5,377.5,2000
7,Christos Spyrou ,Greece,83.2,170.0,205.0,375.0,2000
8,Ernesto Quiroga ,Cuba,84.8,165.0,210.0,375.0,2000
9,Mariusz Rytkowski ,Poland,84.64,170.0,200.0,370.0,2000
10,Valeriu Calancea ,ROM,84.74,160.0,205.0,365.0,2000
11,Joel Mackenzie ,Cuba,84.86,165.0,200.0,365.0,2000
12,Nizami Pashayev ,Azerbaijan,84.16,155.0,202.5,357.5,2000
13,Yury Myshkovets ,Russia,84.82,162.5,192.5,355.0,2000
14,Bakhtiyor Nurullaev ,Uzbekistan,84.42,160.0,192.5,352.5,2000
15,Mohamed Mousa ,Egypt,84.62,160.0,192.5,352.5,2000
16,Mital Sharipov ,Kyrgyzstan,84.54,155.0,190.0,345.0,2000
17,Sergio Mannironi ,Italy,83.18,150.0,180.0,330.0,2000
18,Ofisa Ofisa ,Samoa,84.8,135.0,175.0,310.0,2000
19,Khodor Alaywan ,LIB,81.56,130.0,160.0,290.0,2000
1,Akakios Kakiasvilis ,Greece,92.06,185.0,220.0,405.0,2000
2,Szymon Kołecki ,Poland,93.58,182.5,222.5,405.0,2000
3,Aleksey Petrov ,Russia,93.3,180.0,222.5,402.5,2000
4,Kourosh Bagheri ,Iran,93.42,187.5,215.0,402.5,2000
5,Vadim Vacarciuc ,Moldova,92.66,177.5,220.0,397.5,2000
6,Zoltán Kovács ,Hungary,94.0,180.0,217.5,397.5,2000
7,Bünyamin Sudaş ,Turkey,93.36,177.5,215.0,392.5,2000
8,Julio Luna ,Venezuela,93.48,177.5,215.0,392.5,2000
9,Michel Batista ,Cuba,93.18,175.0,210.0,385.0,2000
10,Aleksander Karapetyan ,Australia,94.0,175.0,207.5,382.5,2000
11,Andriy Demchuk ,Ukraine,93.2,170.0,207.5,377.5,2000
12,Slavik Nyu ,Kazakhstan,92.46,175.0,200.0,375.0,2000
13,Andrey Makarov ,Kazakhstan,92.82,177.5,197.5,375.0,2000
14,Kiril Kounev ,Australia,93.32,170.0,205.0,375.0,2000
15,Bakhyt Akhmetov ,Kyrgyzstan,93.04,175.0,192.5,367.5,2000
16,Pavel Bazuk ,Belarus,90.34,167.5,197.5,365.0,2000
17,Lars Betker ,Germany,93.1,165.0,200.5,365.0,2000
18,Sergejs Lazovskis ,Latvia,93.22,155.0,200.0,355.0,2000
19,Darío Lecman ,Argentina,92.64,135.0,170.0,305.0,2000
1,Hossein Tavakkoli ,Iran,104.7,190.0,235.0,425.0,2000
2,Alan Tsagaev ,Bulgaria,104.48,187.5,235.0,422.5,2000
3,Said Saif Asaad ,Qatar,104.12,190.0,230.0,420.0,2000
4,Ihor Razoronov ,Ukraine,104.52,192.5,227.5,420.0,2000
5,Evgeny Chigishev ,Russia,104.38,190.0,225.0,415.0,2000
6,Alexandru Bratan ,Moldova,104.16,190.0,220.0,410.0,2000
7,Florin Vlad ,ROM,102.72,180.0,225.0,405.0,2000
8,Grzegorz Kleszcz ,Poland,104.68,185.0,220.0,405.0,2000
9,Mariusz Jędra ,Poland,104.52,175.0,215.0,390.0,2000
10,Boris Burov ,Ecuador,103.42,182.5,205.0,387.5,2000
11,Ramūnas Vyšniauskas ,Lithuania,104.16,175.0,210.0,385.0,2000
12,Moreno Boer ,Italy,104.92,165.0,200.0,365.0,2000
13,Tevita Kofe Ngalu ,Tonga,103.96,127.5,167.5,295.0,2000
1,Hossein Rezazadeh ,Iran,147.48,212.5,260.0,472.5,2000
2,Ronny Weller ,Germany,146.88,210.0,257.5,467.5,2000
3,Andrey Chemerkin ,Russia,174.84,202.5,260.0,462.5,2000
4,Jaber Saeed Salem ,Qatar,123.64,205.0,255.0,460.0,2000
5,Kim Tae-hyun ,South Korea,133.36,200.0,260.0,460.0,2000
6,Viktors Ščerbatihs ,Latvia,131.58,202.5,250.0,452.5,2000
7,Paweł Najdek ,Poland,134.64,185.0,240.0,425.0,2000
8,Tibor Stark ,Hungary,140.62,195.0,230.0,425.0,2000
9,Hennadiy Krasylnykov ,Ukraine,118.02,190.0,230.0,420.0,2000
10,Shane Hamman ,United States,163.22,195.0,225.0,420.0,2000
11,Artem Udachyn ,Ukraine,133.32,195.0,220.0,415.0,2000
12,Igor Khalilov ,Uzbekistan,140.12,185.0,225.0,410.0,2000
13,Jon Tecedor ,Spain,138.34,175.0,220.0,395.0,2000
14,Petr Sobotka ,Czech Republic,155.06,175.0,217.5,392.5,2000
15,Marius Alecu ,ROM,116.04,175.0,215.0,390.0,2000
16,Valeri Sarava ,Georgia,115.54,170.0,215.0,385.0,2000
17,Nigel Avery ,New Zealand,121.98,172.5,210.0,382.5,2000
18,Anthony Martin ,Australia,144.34,162.5,207.5,370.0,2000
19,Chris Rae ,Australia,132.02,155.0,205.0,360.0,2000
20,Alesana Sione ,American Samoa,130.18,160.0,197.5,357.5,2000
21,Plaiter Reyes ,Dominican Republic,137.0,157.5,195.0,352.5,2000
1,Tara Nott ,United States,47.48,82.5,102.5,185.0,2000
2,Raema Lisa Rumbewas ,Indonesia,47.98,80.0,105.0,185.0,2000
3,Sri Indriyani ,Indonesia,47.28,82.5,100.0,182.5,2000
4,Kay Thi Win ,Myanmar,47.48,80.0,100.0,180.0,2000
5,Robin Goad ,United States,47.66,77.5,100.0,177.5,2000
6,Kaori Niyanagi ,Japan,47.66,75.0,100.0,175.0,2000
7,Eva Giganti ,Italy,46.56,77.5,92.5,170.0,2000
8,Sabrina Richard ,France,46.88,70.0,87.5,157.5,2000
9,Maria Elisabete Jorge ,Brazil,47.4,60.0,75.0,135.0,2000
10,Dika Toua ,Papua New Guinea,47.36,50.0,67.5,117.5,2000
1,Yang Xia ,China,52.46,100.0,125.0,225.0,2000
2,Li Feng-ying ,Chinese Taipei,52.42,97.5,115.0,212.5,2000
3,Winarni Binti Slamet ,Indonesia,52.44,90.0,112.5,202.5,2000
4,Franca Gbodo ,Nigeria,52.0,85.0,110.0,195.0,2000
5,Swe Swe Win ,Myanmar,52.08,85.0,110.0,195.0,2000
6,Sanamacha Chanu ,India,52.16,85.0,110.0,195.0,2000
7,Mari Nakaga ,Japan,52.58,77.5,105.0,182.5,2000
8,Marioara Munteanu ,ROM,53.0,82.5,97.5,180.0,2000
9,Karla Fernández ,Venezuela,52.6,80.0,95.0,175.0,2000
10,Tarana Abbasova ,Azerbaijan,52.78,75.0,90.0,165.0,2000
1,Soraya Jiménez ,Mexico,56.92,95.0,127.5,222.5,2000
2,Ri Song-hui ,North Korea,53.9,97.5,122.5,220.0,2000
3,Khassaraporn Suta ,Thailand,56.84,92.5,117.5,210.0,2000
4,Maryse Turcotte ,Canada,57.28,90.0,115.0,205.0,2000
5,Aleksandra Klejnowska ,Poland,57.16,90.0,112.5,202.5,2000
6,Khin Moe Nwe ,Myanmar,57.12,90.0,110.0,200.0,2000
7,Nataliya Skakun ,Ukraine,57.66,85.0,112.5,197.5,2000
8,Hanna Batsiushka ,Belarus,57.68,90.0,107.5,197.5,2000
9,Dagmar Daneková ,Slovakia,56.74,82.5,105.0,187.5,2000
10,Natasha Barker ,Australia,57.52,77.5,102.5,180.0,2000
11,Ingeborg Marx ,Belgium,57.48,77.5,100.0,177.5,2000
12,Meagan Warthold ,Australia,57.14,75.0,100.0,175.0,2000
13,Sophia Vandagne ,Seychelles,57.14,72.5,87.5,160.0,2000
14,Leila Lassouani ,Algeria,57.6,60.0,82.5,142.5,2000
15,Melissa Fejeran ,Guam,57.8,57.5,75.0,132.5,2000
1,Chen Xiaomin ,China,62.82,112.5,130.0,242.5,2000
2,Valentina Popova ,Russia,62.08,107.5,127.5,235.0,2000
3,Ioanna Chatziioannou ,Greece,61.82,97.5,125.0,222.5,2000
4,Saipin Detsaeng ,Thailand,62.38,102.5,120.0,222.5,2000
5,Kim Yong-ok ,North Korea,59.06,90.0,115.0,205.0,2000
6,Amanda Phillips ,Australia,62.96,82.5,107.5,190.0,2000
7,Josefa Pérez ,Spain,62.36,85.0,102.5,187.5,2000
8,Nora Köppel ,Argentina,62.12,80.0,102.5,182.5,2000
9,Kesaia Tawai ,Fiji,62.96,75.0,90.0,165.0,2000
1,Lin Weining ,China,66.74,110.0,132.5,242.5,2000
2,Erzsébet Márkus ,Hungary,68.52,112.5,130.0,242.5,2000
3,Karnam Malleswari ,India,67.9,110.0,130.0,240.0,2000
4,Milena Trendafilova ,Bulgaria,67.76,100.0,132.5,232.5,2000
5,Daniela Kerkelova ,Bulgaria,68.12,100.0,132.5,232.5,2000
6,Irina Kasimova ,Russia,68.56,100.0,130.0,230.0,2000
7,Pawina Thongsuk ,Thailand,67.22,100.0,125.0,225.0,2000
8,Beata Prei ,Poland,67.5,100.0,125.0,225.0,2000
9,Michelle Kettner ,Australia,67.8,100.0,122.5,222.5,2000
10,Aphinya Pharksupho ,Thailand,68.28,102.5,120.0,222.5,2000
11,Maria Tatsi ,Greece,67.42,92.5,127.5,220.0,2000
12,Eva Dimas ,El Salvador,68.4,92.5,110.0,202.5,2000
13,Ruth Rivera ,Puerto Rico,67.28,82.5,105.0,187.5,2000
14,Valerie Pedro ,Palau,68.04,70.0,90.0,160.0,2000
1,María Isabel Urrutia ,Colombia,73.28,110.0,135.0,245.0,2000
2,Ruth Ogbeifo ,Nigeria,74.2,105.0,140.0,245.0,2000
3,Kuo Yi-hang ,Chinese Taipei,74.52,107.5,137.5,245.0,2000
4,Kim Soon-hee ,South Korea,73.84,105.0,135.0,240.0,2000
5,Gyöngyi Likerecz ,Hungary,74.16,105.0,122.5,227.5,2000
6,Svetlana Khabirova ,Russia,74.38,102.5,125.0,227.5,2000
7,Cara Heads ,United States,72.64,102.5,120.0,222.5,2000
8,Wanda Rijo ,Dominican Republic,73.74,95.0,120.0,215.0,2000
9,Mónica Carrió ,Spain,74.18,95.0,110.0,205.0,2000
1,Ding Meiyuan ,China,103.56,135.0,165.0,300.0,2000
2,Agata Wróbel ,Poland,119.42,132.5,162.5,295.0,2000
3,Cheryl Haworth ,United States,139.38,125.0,145.0,270.0,2000
4,Carmenza Delgado ,Colombia,91.78,115.0,145.0,260.0,2000
5,Helen Idahosa ,Nigeria,97.04,110.0,140.0,250.0,2000
6,Monique Riesterer ,Germany,93.52,112.5,132.5,245.0,2000
7,Moon Kyung-ae ,South Korea,94.52,110.0,135.0,245.0,2000
8,Olivia Baker ,New Zealand,94.74,105.0,130.0,235.0,2000
9,Melinda Szik ,Hungary,97.3,107.5,127.5,235.0,2000
10,Sheeva Peo ,Nauru,92.34,97.5,122.5,220.0,2000
1,Halil Mutlu ,Turkey,55.93,135.0,160.0,295.0,2004
2,Wu Meijin ,China,55.69,130.0,157.5,287.5,2004
3,Sedat Artuç ,Turkey,55.36,125.0,155.0,280.0,2004
4,Vitali Dzerbianiou ,Belarus,55.85,127.5,152.5,280.0,2004
5,Óscar Figueroa ,Colombia,55.93,125.0,155.0,280.0,2004
6,Adrian Jigău ,ROM,55.79,120.0,155.0,275.0,2004
7,László Tancsics ,Hungary,55.45,122.5,150.0,272.5,2004
8,Jadi Setiadi ,Indonesia,53.86,117.5,145.0,262.5,2004
9,Nelson Castro ,Colombia,55.71,117.5,145.0,262.5,2004
10,Mohammed Abdul-Monem ,Iraq,55.97,120.0,135.0,255.0,2004
11,Ahmed Saad ,Egypt,55.92,102.5,130.0,232.5,2004
1,Shi Zhiyong ,China,61.96,152.5,172.5,325.0,2004
2,Le Maosheng ,China,61.27,140.0,172.5,312.5,2004
3,Israel José Rubio ,Venezuela,61.38,132.5,162.5,295.0,2004
4,Armen Ghazaryan ,Armenia,61.9,135.0,160.0,295.0,2004
5,Gustar Junianto ,Indonesia,61.27,132.5,160.0,292.5,2004
6,Samson Matam ,France,61.74,127.5,160.0,287.5,2004
7,Ümürbek Bazarbaýew ,Turkmenistan,61.68,130.0,157.5,287.5,2004
8,Sunarto Rasidi ,Indonesia,61.78,125.0,160.0,285.0,2004
9,Yang Sheng-hsiung ,Chinese Taipei,61.78,120.0,160.0,280.0,2004
10,Manuel Minginfel ,Federated States of Micronesia,61.53,120.0,152.5,272.5,2004
11,Toshio Imamura ,Japan,61.66,120.0,150.0,270.0,2004
12,Asif Malikov ,Azerbaijan,61.6,115.0,150.0,265.0,2004
13,Gert Trasha ,Albania,61.99,115.0,140.0,255.0,2004
14,Ioan Veliciu ,ROM,61.64,110.0,135.0,245.0,2004
15,Yacine Zouaki ,Morocco,61.63,95.0,130.0,225.0,2004
1,Zhang Guozheng ,China,68.74,160.0,187.5,347.5,2004
2,Lee Bae-young ,South Korea,68.43,152.5,190.0,342.5,2004
3,Nikolaj Pešalov ,Croatia,68.07,150.0,187.5,337.5,2004
4,Turan Mirzayev ,Azerbaijan,68.8,147.5,185.0,332.5,2004
5,Vencelas Dabaya ,Cameroon,67.94,145.0,182.5,327.5,2004
6,Siarhei Laurenau ,Belarus,68.89,147.5,170.0,317.5,2004
7,Romuald Ernault ,France,68.63,142.5,165.0,307.5,2004
8,Yukio Peter ,Nauru,68.71,135.0,167.5,302.5,2004
9,Stănel Stoica ,ROM,68.96,142.5,160.0,302.5,2004
10,Kuo Cheng-wei ,Chinese Taipei,68.84,132.5,165.0,297.5,2004
11,Julio Idrovo ,Ecuador,68.31,140.0,155.0,295.0,2004
12,Abdulmohsen Al-Bagir ,Saudi Arabia,68.54,127.5,160.0,287.5,2004
1,Taner Sağır ,Turkey,76.1,172.5,202.5,375.0,2004
2,Sergey Filimonov ,Kazakhstan,76.65,172.5,200.0,372.5,2004
3,Reyhan Arabacıoğlu ,Turkey,76.04,165.0,195.0,360.0,2004
4,Viktor Mitrou ,Greece,76.11,160.0,200.0,360.0,2004
5,Mohammad Hossein Barkhah ,Iran,76.39,160.0,197.5,357.5,2004
6,Attila Feri ,Hungary,76.1,155.0,200.0,355.0,2004
7,Ivan Stoitsov ,Bulgaria,76.26,155.0,200.0,355.0,2004
8,Nader Sufyan Abbas ,Qatar,76.47,160.0,195.0,355.0,2004
9,Kim Kwang-hoon ,South Korea,76.0,155.0,195.0,350.0,2004
10,Sebastian Dogariu ,ROM,76.96,155.0,190.0,345.0,2004
11,Octavio Mejías ,Venezuela,76.46,155.0,187.5,342.5,2004
12,Theoharis Trasha ,Albania,76.95,160.0,182.5,342.5,2004
13,Ingo Steinhöfel ,Germany,76.43,150.0,185.0,335.0,2004
14,Rudolf Lukáč ,Slovakia,76.53,147.5,187.5,335.0,2004
15,Mohamed Eshtiwi ,Libya,76.83,155.0,180.0,335.0,2004
16,Mohamed El-Tantawy ,Egypt,76.12,145.0,182.5,327.5,2004
17,Carlos Andica ,Colombia,76.57,142.5,180.0,322.5,2004
18,Chad Vaughn ,United States,76.9,145.0,175.0,320.0,2004
19,René Hoch ,Germany,76.41,142.5,170.0,312.5,2004
20,Uati Maposua ,Samoa,76.76,125.0,155.0,280.0,2004
1,Giorgi Asanidze ,Georgia,84.28,177.5,205.0,382.5,2004
2,Andrei Rybakou ,Belarus,84.58,180.0,200.0,380.0,2004
3,Pyrros Dimas ,Greece,83.15,175.0,202.5,377.5,2004
4,Georgios Markoulas ,Greece,83.77,167.5,205.0,372.5,2004
5,Yuan Aijun ,China,83.97,167.5,205.0,372.5,2004
6,Aliaksandr Anishchanka ,Belarus,83.69,170.0,200.0,370.0,2004
7,Tigran Martirosyan ,Armenia,82.02,167.5,200.0,367.5,2004
8,Song Jong-shik ,South Korea,84.21,160.0,200.0,360.0,2004
9,Héctor Ballesteros ,Colombia,83.7,157.5,197.5,355.0,2004
10,Oscar Chaplin ,United States,84.97,160.0,190.0,350.0,2004
11,Ulanbek Moldodosov ,Kyrgyzstan,83.65,150.0,192.5,342.5,2004
12,Richard Scheer ,Seychelles,84.74,140.0,165.0,305.0,2004
13,Meamea Thomas ,Kiribati,84.24,130.0,162.5,292.5,2004
14,Julian McWatt ,Guyana,84.69,125.0,147.5,272.5,2004
1,Milen Dobrev ,Bulgaria,92.58,187.5,220.0,407.5,2004
2,Khadzhimurat Akkaev ,Russia,93.74,185.0,220.0,405.0,2004
3,Eduard Tyukin ,Russia,93.16,182.5,215.0,397.5,2004
4,Shahin Nassirinia ,Iran,92.89,172.5,220.0,392.5,2004
5,Julio Luna ,Venezuela,93.35,170.0,220.0,390.0,2004
6,Hakan Yılmaz ,Turkey,93.45,175.0,215.0,390.0,2004
7,Bakhyt Akhmetov ,Kazakhstan,93.56,180.0,210.0,390.0,2004
8,Anatoliy Mushyk ,Ukraine,89.33,175.0,212.5,387.5,2004
9,Santiago Martínez ,Spain,93.35,175.0,207.5,382.5,2004
10,Eugen Bratan ,Moldova,93.1,175.0,205.0,380.0,2004
11,Nikolaos Kourtidis ,Greece,92.39,167.5,210.0,377.5,2004
12,Yoandry Hernández ,Cuba,90.94,167.5,207.5,375.0,2004
13,Tadeusz Drzazga ,Poland,92.43,170.0,200.0,370.0,2004
14,Arsen Kasabiev ,Georgia,91.2,155.0,207.5,362.5,2004
15,Alibay Samadov ,Azerbaijan,92.7,165.0,195.0,360.0,2004
16,Asghar Ebrahimi ,Iran,93.72,165.0,190.0,355.0,2004
17,Darío Lecman ,Argentina,93.37,155.0,185.0,340.0,2004
18,Furkat Saidov ,Uzbekistan,85.22,145.0,175.0,320.0,2004
19,Junior Faro ,Aruba,93.82,140.0,167.5,307.5,2004
1,Dmitry Berestov ,Russia,104.68,195.0,230.0,425.0,2004
2,Ihor Razoronov ,Ukraine,104.6,190.0,230.0,420.0,2004
3,Gleb Pisarevskiy ,Russia,104.14,190.0,225.0,415.0,2004
4,Alexandru Bratan ,Moldova,104.24,192.5,222.5,415.0,2004
5,Ramūnas Vyšniauskas ,Lithuania,103.91,187.5,222.5,410.0,2004
6,Alan Naniyev ,Azerbaijan,104.34,190.0,220.0,410.0,2004
7,Matthias Steiner ,Austria,104.35,182.5,222.5,405.0,2004
8,Aleksandr Urinov ,Uzbekistan,102.22,185.0,215.0,400.0,2004
9,Mikhail Audzeyeu ,Belarus,104.93,185.0,215.0,400.0,2004
10,Andre Rohde ,Germany,103.9,177.5,217.5,395.0,2004
11,Michel Batista ,Cuba,103.96,182.5,212.5,395.0,2004
12,Tomáš Matykiewicz ,Czech Republic,103.74,177.5,215.0,392.5,2004
13,Sam Pera ,Cook Islands,104.82,135.0,170.0,305.0,2004
14,Eleei Lalio ,American Samoa,101.44,125.0,170.0,295.0,2004
1,Hossein Rezazadeh ,Iran,162.95,210.0,262.5,472.5,2004
2,Viktors Ščerbatihs ,Latvia,140.72,205.0,250.0,455.0,2004
3,Velichko Cholakov ,Bulgaria,161.31,207.5,240.0,447.5,2004
4,Hennadiy Krasylnykov ,Ukraine,118.43,200.0,240.0,440.0,2004
5,Oleksiy Kolokoltsev ,Ukraine,125.07,195.0,242.5,437.5,2004
6,Paweł Najdek ,Poland,140.44,190.0,240.0,430.0,2004
7,Shane Hamman ,United States,158.93,192.5,237.5,430.0,2004
8,An Yong-kwon ,South Korea,136.9,202.5,225.0,427.5,2004
9,Igor Khalilov ,Uzbekistan,145.33,187.5,232.5,420.0,2004
10,Grzegorz Kleszcz ,Poland,124.33,190.0,225.0,415.0,2004
11,Mohamed Ihsan ,Egypt,142.72,185.0,220.0,405.0,2004
12,Takanobu Iwazaki ,Japan,127.7,170.0,215.0,385.0,2004
13,Joel Bran ,Guatemala,134.26,160.0,210.0,370.0,2004
14,Itte Detenamo ,Nauru,137.65,155.0,192.5,347.5,2004
1,Nurcan Taylan ,Turkey,47.21,97.5,112.5,210.0,2004
2,Li Zhuo ,China,47.65,92.5,112.5,205.0,2004
3,Aree Wiratthaworn ,Thailand,47.82,85.0,115.0,200.0,2004
4,Kunjarani Devi ,India,47.78,82.5,107.5,190.0,2004
5,Izabela Dragneva ,Bulgaria,47.63,82.5,105.0,187.5,2004
6,Chen Han-tung ,Chinese Taipei,47.62,80.0,102.5,182.5,2004
7,Blessed Udoh ,Nigeria,47.46,75.0,105.0,180.0,2004
8,Choe Un-sim ,North Korea,47.33,82.5,95.0,177.5,2004
9,Hiromi Miyake ,Japan,47.38,77.5,97.5,175.0,2004
10,Tara Cunningham ,United States,47.4,77.5,95.0,172.5,2004
11,Chen Wei-ling ,Chinese Taipei,47.01,75.0,95.0,170.0,2004
12,Gema Peris ,Spain,47.46,77.5,90.0,167.5,2004
13,Enga Mohamed ,Egypt,47.74,75.0,90.0,165.0,2004
1,Udomporn Polsak ,Thailand,52.83,97.5,125.0,222.5,2004
2,Raema Lisa Rumbewas ,Indonesia,52.8,95.0,115.0,210.0,2004
3,Mabel Mosquera ,Colombia,51.82,87.5,110.0,197.5,2004
4,Marioara Munteanu ,ROM,52.55,85.0,105.0,190.0,2004
5,Nastassia Novikava ,Belarus,52.95,87.5,102.5,190.0,2004
6,Dika Toua ,Papua New Guinea,52.58,75.0,102.5,177.5,2004
7,Virginie Lachaume ,France,52.71,75.0,100.0,175.0,2004
1,Chen Yanqing ,China,57.17,107.5,130.0,237.5,2004
2,Ri Song-hui ,North Korea,57.22,102.5,130.0,232.5,2004
3,Wandee Kameaim ,Thailand,57.27,102.5,127.5,230.0,2004
4,Aylin Daşdelen ,Turkey,57.47,100.0,125.0,225.0,2004
5,Aleksandra Klejnowska ,Poland,56.96,97.5,122.5,220.0,2004
6,Pak Hyon-suk ,North Korea,57.63,95.0,122.5,217.5,2004
7,Alexandra Escobar ,Ecuador,56.52,95.0,120.0,215.0,2004
8,Patmawati Abdul Hamid ,Indonesia,57.0,95.0,117.5,212.5,2004
9,Michaela Breeze ,Great Britain,57.45,92.5,120.0,212.5,2004
10,Franca Gbodo ,Nigeria,57.47,95.0,117.5,212.5,2004
11,Maryse Turcotte ,Canada,57.29,90.0,120.0,210.0,2004
12,Zlatina Atanasova ,Bulgaria,57.68,90.0,115.0,205.0,2004
13,Charikleia Kastritsi ,Greece,57.48,90.0,110.0,200.0,2004
14,Namkhaidorjiin Bayarmaa ,Mongolia,57.75,87.5,107.5,195.0,2004
1,Nataliya Skakun ,Ukraine,61.59,107.5,135.0,242.5,2004
2,Hanna Batsiushka ,Belarus,62.87,115.0,127.5,242.5,2004
3,Tatsiana Stukalava ,Belarus,62.9,100.0,122.5,222.5,2004
4,Hayet Sassi ,Tunisia,62.5,95.0,120.0,215.0,2004
5,Kim Soo-kyung ,South Korea,62.96,92.5,122.5,215.0,2004
6,Nguyễn Thị Thiết ,Vietnam,61.15,95.0,110.0,205.0,2004
7,Leila Lassouani ,Algeria,62.47,85.0,115.0,200.0,2004
1,Liu Chunhong ,China,68.14,122.5,152.5,275.0,2004
2,Eszter Krutzler ,Hungary,68.41,117.5,145.0,262.5,2004
3,Zarema Kasaeva ,Russia,68.67,117.5,145.0,262.5,2004
4,Slaveyka Ruzhinska ,Bulgaria,68.23,115.0,135.0,250.0,2004
5,Vanda Maslovska ,Ukraine,67.72,110.0,135.0,245.0,2004
6,Milena Trendafilova ,Bulgaria,68.21,105.0,132.5,237.5,2004
7,Madeleine Yamechi ,Cameroon,68.4,105.0,130.0,235.0,2004
8,Ubaldina Valoyes ,Colombia,68.31,105.0,127.5,232.5,2004
9,Irene Ajambo ,Uganda,68.77,60.0,90.0,150.0,2004
1,Pawina Thongsuk ,Thailand,69.29,122.5,150.0,272.5,2004
2,Natalya Zabolotnaya ,Russia,74.09,125.0,147.5,272.5,2004
3,Valentina Popova ,Russia,72.89,120.0,145.0,265.0,2004
4,Gyöngyi Likerecz ,Hungary,74.19,115.0,142.5,257.5,2004
5,Christina Ioannidi ,Greece,73.31,112.5,142.5,255.0,2004
6,Tatyana Khromova ,Kazakhstan,74.51,117.5,135.0,252.5,2004
7,Kim Soon-hee ,South Korea,74.25,112.5,137.5,250.0,2004
8,Tulia Medina ,Colombia,70.96,112.5,132.5,245.0,2004
9,Nora Köppel ,Argentina,73.01,100.0,137.5,237.5,2004
10,Wanda Rijo ,Dominican Republic,74.56,110.0,127.5,237.5,2004
11,Eva Dimas ,El Salvador,74.31,105.0,125.0,230.0,2004
12,Damaris Aguirre ,Mexico,73.9,100.0,122.5,222.5,2004
13,Deborah Lovely ,Australia,74.71,92.5,115.0,207.5,2004
14,Marie Jesika Dalou ,Mauritius,74.12,57.5,72.5,130.0,2004
1,Tang Gonghong ,China,119.52,122.5,182.5,305.0,2004
2,Jang Mi-ran ,South Korea,113.34,130.0,172.5,302.5,2004
3,Agata Wróbel ,Poland,124.68,130.0,160.0,290.0,2004
4,Viktória Varga ,Hungary,93.69,127.5,155.0,282.5,2004
5,Viktoriya Shaimardanova ,Ukraine,88.14,130.0,150.0,280.0,2004
6,Cheryl Haworth ,United States,131.95,125.0,155.0,280.0,2004
7,Olha Korobka ,Ukraine,156.19,125.0,155.0,280.0,2004
8,Vasiliki Kasapi ,Greece,120.57,125.0,152.5,277.5,2004
9,Carmenza Delgado ,Colombia,94.37,120.0,150.0,270.0,2004
10,Manuela Rejas ,Peru,108.52,95.0,125.0,220.0,2004
11,Reanna Solomon ,Nauru,136.85,95.0,125.0,220.0,2004
12,Ivy Shaw ,Fiji,83.7,85.0,100.0,185.0,2004
1,Long Qingquan ,China,55.37,132,160,292,2008
2,Hoàng Anh Tuấn ,Vietnam,55.97,130,160,290,2008
3,Eko Yuli Irawan ,Indonesia,55.91,130,158,288,2008
4,Yang Chin-yi ,Chinese Taipei,55.43,128,157,285,2008
5,Cha Kum-chol ,North Korea,55.85,128,155,283,2008
6,Sergio Álvarez ,Cuba,55.67,120,152,272,2008
7,Wang Shin-yuan ,Chinese Taipei,55.53,115,150,265,2008
8,Amirul Hamizan Ibrahim ,Malaysia,55.77,121,144,265,2008
9,Masaharu Yamada ,Japan,55.84,106,153,259,2008
10,Pongsak Maneetong ,Thailand,55.64,116,142,258,2008
11,Yasunobu Sekikawa ,Japan,55.79,114,142,256,2008
12,Sergio Rada ,Colombia,55.74,112,140,252,2008
13,Tom Goegebuer ,Belgium,55.94,114,137,251,2008
14,Vito Dellino ,Italy,55.99,110,137,247,2008
15,Igor Grabucea ,Moldova,55.63,109,130,239,2008
1,Zhang Xiangxiang ,China,61.91,143,176,319,2008
2,Diego Salazar ,Colombia,61.47,138,167,305,2008
3,Triyatno ,Indonesia,61.9,135,163,298,2008
4,Antoniu Buci ,Romania,61.66,130,165,295,2008
5,Phaisan Hansawong ,Thailand,61.6,132,162,294,2008
6,Lázaro Ruiz ,Cuba,61.75,132,162,294,2008
7,Tolkunbek Hudaýbergenow ,Turkmenistan,61.96,126,162,288,2008
8,Mohamed Abdelbaki ,Egypt,62.0,129,159,288,2008
9,Yang Sheng-hsiung ,Chinese Taipei,61.97,130,157,287,2008
10,Henadzi Makhveyenia ,Belarus,61.95,128,150,278,2008
11,Manuel Minginfel ,Federated States of Micronesia,61.69,120,155,275,2008
12,Jasvir Singh ,Canada,61.67,115,151,266,2008
1,Liao Hui ,China,68.97,158,190,348,2008
2,Vencelas Dabaya ,France,68.38,151,187,338,2008
3,Yordanis Borrero ,Cuba,68.92,148,180,328,2008
4,Turan Mirzayev ,Azerbaijan,68.86,146,181,327,2008
5,Kim Chol-jin ,North Korea,68.64,146,180,326,2008
6,Afgan Bayramov ,Azerbaijan,68.41,145,175,320,2008
7,Sitthisak Suphalak ,Thailand,68.99,147,171,318,2008
8,Yoshito Shintani ,Japan,68.76,135,175,310,2008
9,Tarek Yehia ,Egypt,68.87,138,172,310,2008
10,Edi Kurniawan ,Indonesia,68.85,135,172,307,2008
11,Israel José Rubio ,Venezuela,68.23,139,167,306,2008
12,Artyom Shaloyan ,Germany,68.79,135,165,300,2008
13,Luis Miguel Pineda ,Colombia,68.14,132,167,299,2008
14,Chinthana Vidanage ,Sri Lanka,68.9,128,165,293,2008
15,Francis Luna-Grenier ,Canada,68.97,131,162,293,2008
16,Welisson Silva ,Brazil,68.92,135,155,290,2008
17,Răzvan Martin ,Romania,68.85,130,158,288,2008
18,Dimitris Minasidis ,Cyprus,66.32,128,155,283,2008
19,Mark Spooner ,New Zealand,68.86,123,158,281,2008
20,Kamal Bahadur Adhikari ,Nepal,68.67,114,154,268,2008
21,Logona Esau ,Tuvalu,68.14,110,144,254,2008
22,Nizom Sangov ,Tajikistan,66.06,115,135,250,2008
1,Sa Jae-hyouk ,South Korea,76.46,163,203,366,2008
2,Li Hongli ,China,76.91,168,198,366,2008
3,Gevorg Davtyan ,Armenia,76.77,165,195,360,2008
4,Kim Kwang-hoon ,South Korea,76.86,155,200,355,2008
5,Oleg Perepetchenov ,Russia,76.8,162,192,354,2008
6,Iván Cambar ,Cuba,76.53,157,196,353,2008
7,Ara Khachatryan ,Armenia,76.78,162,191,353,2008
8,Krzysztof Szramiak ,Poland,76.71,161,191,352,2008
9,Vladimir Kuznetsov ,Kazakhstan,76.86,160,191,351,2008
10,Siarhei Lahun ,Belarus,76.56,157,192,349,2008
11,Sandow Nasution ,Indonesia,76.92,153,194,347,2008
12,Mahmoud El-Haddad ,Egypt,76.73,150,192,342,2008
13,Erkand Qerimaj ,Albania,76.52,154,187,341,2008
14,Giovanni Bardis ,France,76.83,156,173,329,2008
15,Felix Ekpo ,Nigeria,75.83,143,183,325,2008
16,Sherzodjon Yusupov ,Uzbekistan,76.24,144,178,322,2008
17,José Ocando ,Venezuela,76.9,140,182,322,2008
18,Răzvan Rusu ,Romania,76.69,140,170,310,2008
19,Carlos Espeleta ,Argentina,76.93,140,170,310,2008
20,Andrei Guțu ,Moldova,76.38,145,160,305,2008
21,Richie Patterson ,New Zealand,76.57,130,170,300,2008
22,Darryn Anthony ,South Africa,76.98,135,160,295,2008
23,Josefa Vueti ,Fiji,76.15,124,155,279,2008
24,Romain Marchessou ,Monaco,75.53,110,140,250,2008
1,Lu Yong ,China,84.41,180,214,394,2008
2,Tigran Martirosyan ,Armenia,83.78,177,203,380,2008
3,Jadier Valladares ,Cuba,84.84,169,203,372,2008
4,Benjamin Hennequin ,France,84.55,162,205,367,2008
5,Mansurbek Chashemov ,Uzbekistan,84.71,165,202,367,2008
6,Kendrick Farris ,United States,84.14,160,202,362,2008
7,Carlos Andica ,Colombia,84.62,155,201,356,2008
8,Ulanbek Moldodosov ,Kyrgyzstan,84.74,152,194,346,2008
9,Ondrej Kutlík ,Slovakia,84.89,150,193,343,2008
10,Benedict Uloko ,Nigeria,84.97,148,191,339,2008
11,Brice Batchaya ,Cameroon,82.77,153,180,333,2008
12,David Katoatau ,Kiribati,84.17,135,178,313,2008
13,Terrence Dixie ,Seychelles,82.67,115,140,255,2008
1,Szymon Kołecki ,Poland,93.73,179,224,403,2008
2,Arsen Kasabiev ,Georgia,93.69,176,223,399,2008
3,Yoandry Hernández ,Cuba,92.3,178,215,393,2008
4,Asghar Ebrahimi ,Iran,92.32,180,212,392,2008
5,Roman Konstantinov ,Russia,93.9,175,212,387,2008
6,Jürgen Spieß ,Germany,93.74,173,211,384,2008
7,José Juan Navarro ,Spain,93.09,173,210,383,2008
8,Artem Ivanov ,Ukraine,93.97,170,210,380,2008
9,Vadim Vacarciuc ,Moldova,93.69,168,205,373,2008
10,Eugen Bratan ,Moldova,93.71,170,200,370,2008
11,Konstantinos Gkaripis ,Greece,93.01,160,200,360,2008
12,Anastasios Triantafyllou ,Greece,93.9,155,196,351,2008
13,Ravi Bhollah ,Mauritius,93.03,125,150,275,2008
1,Andrei Aramnau ,Belarus,104.76,200,236,436,2008
2,Dmitry Klokov ,Russia,104.72,193,230,423,2008
3,Marcin Dołęga ,Poland,104.37,195,225,420,2008
4,Bakhyt Akhmetov ,Kazakhstan,102.13,190,225,415,2008
5,Albert Kuzilov ,Georgia,102.48,182,227,409,2008
6,Sergey Istomin ,Kazakhstan,102.03,181,225,406,2008
7,Robert Dołęga ,Poland,104.27,184,221,405,2008
8,Nikolaos Kourtidis ,Greece,103.36,176,221,397,2008
9,Mohsen Beiranvand ,Iran,104.34,180,210,390,2008
10,Oleksiy Torokhtiy ,Ukraine,104.64,177,213,390,2008
11,Ahed Joughili ,Syria,104.9,170,216,386,2008
12,Abdelrahman El-Sayed ,Egypt,104.84,175,210,385,2008
13,Bünyamin Sudaş ,Turkey,104.39,166,207,373,2008
14,Libor Wälzer ,Czech Republic,104.64,163,187,350,2008
15,Christian López ,Guatemala,103.76,150,186,336,2008
16,Moreno Boer ,Italy,104.45,150,180,330,2008
1,Matthias Steiner ,Germany,145.93,203,258,461,2008
2,Evgeny Chigishev ,Russia,124.13,210,250,460,2008
3,Viktors Ščerbatihs ,Latvia,144.97,206,242,448,2008
4,Artem Udachyn ,Ukraine,144.09,207,235,442,2008
5,Ihor Shymechko ,Ukraine,130.25,201,232,433,2008
6,Rashid Sharifi ,Iran,142.89,196,230,426,2008
7,Grzegorz Kleszcz ,Poland,131.16,185,234,419,2008
8,Almir Velagić ,Germany,132.16,188,225,413,2008
9,Damon Kelly ,Australia,154.15,165,221,386,2008
10,Itte Detenamo ,Nauru,148.48,175,210,385,2008
11,Antti Everi ,Finland,130.04,171,195,366,2008
12,Sam Pera ,Cook Islands,122.96,155,195,350,2008
13,Maamaloa Lolohea ,Tonga,135.13,140,173,313,2008
1,Chen Wei-ling ,Chinese Taipei,47.11,84,112,196,2008
2,Im Jyoung-hwa ,South Korea,47.62,86,110,196,2008
3,Pensiri Laosirikul ,Thailand,47.67,85,110,195,2008
4,Hiromi Miyake ,Japan,47.35,80,105,185,2008
5,Mélanie Noël ,France,47.91,80,97,177,2008
6,Misaki Oshiro ,Japan,47.62,80,92,172,2008
7,Marzena Karpińska ,Poland,47.62,79,92,171,2008
8,Marilou Dozois-Prévost ,Canada,47.75,76,90,166,2008
9,Karla Moreno ,Nicaragua,47.07,65,85,150,2008
1,Prapawadee Jaroenrattanatarakoon ,Thailand,52.47,95,126,221,2008
2,Yoon Jin-hee ,South Korea,52.72,94,119,213,2008
3,Raema Lisa Rumbewas ,Indonesia,52.95,91,115,206,2008
4,Yuderqui Contreras ,Dominican Republic,52.74,93,111,204,2008
5,Melanie Roach ,United States,52.54,83,110,193,2008
6,Julia Rohde ,Germany,52.79,82,103,185,2008
7,Dika Toua ,Papua New Guinea,52.53,80,104,184,2008
8,Judith Chacón ,Venezuela,52.96,80,101,181,2008
1,Chen Yanqing ,China,57.66,106,138,244,2008
2,O Jong-ae ,North Korea,57.15,95,131,226,2008
3,Wandee Kameaim ,Thailand,57.25,98,128,226,2008
4,Alexandra Escobar ,Ecuador,57.82,99,124,223,2008
5,Romela Begaj ,Albania,57.56,98,118,216,2008
6,Aleksandra Klejnowska ,Poland,57.66,95,120,215,2008
7,Roxana Cocoș ,Romania,57.88,89,115,204,2008
8,Geralee Vega ,Puerto Rico,57.51,90,112,202,2008
9,Marieta Gotfryd ,Poland,57.7,90,110,200,2008
10,Hidilyn Diaz ,Philippines,56.28,85,107,192,2008
11,Wendy Hale ,Solomon Islands,57.15,78,95,173,2008
1,Pak Hyon-suk ,North Korea,61.8,106,135,241,2008
2,Lu Ying-chi ,Chinese Taipei,62.46,104,127,231,2008
3,Christine Girard ,Canada,62.44,102,126,228,2008
4,Nguyễn Thị Thiết ,Vietnam,62.49,100,125,225,2008
5,Kim Soo-kyung ,South Korea,62.74,98,127,225,2008
6,Ruth Kasirye ,Norway,62.62,103,121,224,2008
7,Luz Acosta ,Mexico,62.84,103,120,223,2008
8,Mercedes Pérez ,Colombia,62.48,97,120,217,2008
9,Namkhaidorjiin Bayarmaa ,Mongolia,62.5,90,123,213,2008
10,Dominika Misterska ,Poland,62.6,94,117,211,2008
11,Natalie Woolfolk ,United States,62.72,97,114,211,2008
12,Solenny Villasmil ,Venezuela,62.6,90,115,205,2008
13,Carissa Gump ,United States,62.2,88,116,204,2008
14,Michaela Breeze ,Great Britain,61.55,85,100,185,2008
15,Hanene Ourfelli ,Tunisia,62.38,80,95,175,2008
16,María Teresa Monasterio ,Bolivia,62.96,63,78,141,2008
1,Oxana Slivenko ,Russia,68.47,115,140,255,2008
2,Leydi Solís ,Colombia,67.54,105,135,240,2008
3,Abeer Abdelrahman ,Egypt,69.0,105,133,238,2008
4,Tulia Medina ,Colombia,68.63,106,124,230,2008
5,Hanna Batsiushka ,Belarus,68.65,105,120,225,2008
6,Rika Saito ,Japan,68.65,87,122,209,2008
1,Alla Vazhenina ,Kazakhstan,73.88,119,147,266,2008
2,Lidia Valentín ,Spain,74.42,115,135,250,2008
3,Damaris Aguirre ,Mexico,74.82,109,136,245,2008
4,Ubaldina Valoyes ,Colombia,73.3,110,134,244,2008
5,Jeane Lassen ,Canada,74.42,105,135,240,2008
6,Nadiya Myronyuk ,Ukraine,74.11,105,132,237,2008
7,Yuliya Novakovich ,Belarus,74.19,110,127,237,2008
8,Elizabeth Poblete ,Chile,74.43,91,106,197,2008
1,Jang Mi-ran ,South Korea,116.75,140,186,326,2008
2,Ele Opeloge ,Samoa,123.89,119,150,269,2008
3,Mariam Usman ,Nigeria,115.3,115,150,265,2008
4,Cheryl Haworth ,United States,136.29,115,144,259,2008
5,Yuliya Dovhal ,Ukraine,96.05,118,140,258,2008
6,Deborah Lovely ,Australia,94.19,113,135,248,2008
7,Victoria Mavridou ,Greece,102.15,105,126,231,2008
8,Cristina Cornejo ,Peru,117.5,97,128,225,2008
1,Om Yun-chol ,North Korea,55.76,125,168,293,2012
2,Wu Jingbiao ,China,55.91,133,156,289,2012
3,Trần Lê Quốc Toàn ,Vietnam,55.84,125,159,284,2012
4,Jadi Setiadi ,Indonesia,55.48,127,150,277,2012
5,José Montes ,Mexico,55.8,112,157,269,2012
6,Sergio Rada ,Colombia,55.89,118,151,269,2012
7,Carlos Berna ,Colombia,55.55,118,150,268,2012
8,Sin Chol-bom ,North Korea,55.72,113,145,258,2012
9,Yasmani Romero ,Cuba,55.95,112,146,258,2012
10,Tom Goegebuer ,Belgium,55.88,115,132,247,2012
11,Manueli Tulo ,Fiji,55.77,105,128,233,2012
12,Mirco Scarantino ,Italy,55.42,97,128,225,2012
1,Kim Un-guk ,North Korea,61.77,153,174,327,2012
2,Óscar Figueroa ,Colombia,61.76,140,177,317,2012
3,Eko Yuli Irawan ,Indonesia,61.89,145,172,317,2012
4,Zhang Jie ,China,61.86,140,174,314,2012
5,Hurşit Atak ,Turkey,61.93,130,172,302,2012
6,Ümürbek Bazarbaýew ,Turkmenistan,61.95,135,167,302,2012
7,Muhammad Hasbi ,Indonesia,61.81,138,163,301,2012
8,Ahmed Saad ,Egypt,61.63,130,162,292,2012
9,Manuel Minginfel ,Federated States of Micronesia,61.86,127,158,285,2012
10,Julio Salamanca ,El Salvador,61.03,110,150,260,2012
11,Tuau Lapua Lapua ,Tuvalu,61.62,108,135,243,2012
12,Charles Ssekyaaya ,Uganda,61.47,105,130,235,2012
13,Stevick Patris ,Palau,61.34,104,130,234,2012
1,Lin Qingfeng ,China,67.79,157,187,344,2012
2,Triyatno ,Indonesia,68.88,145,188,333,2012
3,Kim Myong-hyok ,North Korea,68.78,145,184,329,2012
4,Junior Sánchez ,Venezuela,68.67,148,180,328,2012
5,Won Jeong-sik ,South Korea,68.73,144,178,322,2012
6,Briken Calja ,Albania,68.96,143,177,320,2012
7,Mohamed Abdelbaki ,Egypt,68.97,145,171,316,2012
8,Kim Kum-sok ,North Korea,68.61,140,175,315,2012
9,Deni ,Indonesia,67.63,140,171,311,2012
10,Daniýar Ysmaýylow ,Turkmenistan,68.06,145,165,310,2012
11,Doyler Sánchez ,Colombia,68.11,138,170,308,2012
12,Katulu Ravi Kumar ,India,68.67,136,167,303,2012
13,Atthaphon Daengchanthuek ,Thailand,68.83,130,170,300,2012
14,Gareth Evans ,Great Britain,68.31,130,158,288,2012
15,Bünyamin Sezer ,Turkey,66.95,130,145,275,2012
1,Lü Xiaojun ,China,76.62,175,204,379,2012
2,Lu Haojie ,China,76.37,170,190,360,2012
3,Iván Cambar ,Cuba,76.7,155,194,349,2012
4,Chatuphum Chinnawong ,Thailand,76.64,157,191,348,2012
5,Ibrahim Ramadan ,Egypt,76.79,155,192,347,2012
6,Andrés Mata ,Spain,76.93,150,188,338,2012
7,Krzysztof Zwarycz ,Poland,76.97,150,182,332,2012
8,Felix Ekpo ,Nigeria,76.23,151,180,331,2012
9,Kirill Pavlov ,Kazakhstan,76.77,147,175,322,2012
10,Jack Oliver ,Great Britain,76.45,140,170,310,2012
11,Toafitu Perive ,Samoa,75.95,122,167,289,2012
1,Adrian Zieliński ,Poland,84.62,174,211,385,2012
2,Kianoush Rostami ,Iran,84.35,171,209,380,2012
3,Tarek Yehia ,Egypt,84.7,165,210,375,2012
4,Ivan Markov ,Bulgaria,84.71,172,203,375,2012
5,Ragab Abdelhay ,Egypt,84.81,165,207,372,2012
6,Yoelmis Hernández ,Cuba,82.28,163,205,368,2012
7,Kendrick Farris ,United States,84.7,155,200,355,2012
8,Sherzodjon Yusupov ,Uzbekistan,84.72,155,195,350,2012
9,Pitaya Tibnoke ,Thailand,84.47,152,196,348,2012
10,Safaa Rashed ,Iraq,83.01,150,195,345,2012
11,Richie Patterson ,New Zealand,84.46,150,186,336,2012
12,Steven Kari ,Papua New Guinea,84.74,140,180,320,2012
13,Nezir Sağır ,Turkey,83.45,140,175,315,2012
1,Saeid Mohammadpour ,Iran,94.0,183,219,402,2012
2,Kim Min-jae ,South Korea,93.68,185,210,395,2012
3,Tomasz Zieliński ,Poland,93.61,175,210,385,2012
4,Aliaksandr Makaranka ,Belarus,93.65,175,209,384,2012
5,Kostyantyn Piliyev ,Ukraine,93.59,166,206,372,2012
6,David Kavelasvili ,Greece,93.21,170,200,370,2012
7,Abbas Al-Qaisoum ,Saudi Arabia,93.06,155,180,335,2012
8,Peter Kirkbride ,Great Britain,93.37,138,190,328,2012
9,David Katoatau ,Kiribati,93.32,140,185,325,2012
10,Cristopher Pavón ,Honduras,93.2,140,180,320,2012
11,Miika Antti-Roiko ,Finland,93.63,140,180,320,2012
12,Jean Greeff ,South Africa,93.32,137,176,313,2012
1,Navab Nassirshalal ,Iran,104.41,184,227,411,2012
2,Bartłomiej Bonk ,Poland,104.01,190,220,410,2012
3,Ivan Efremov ,Uzbekistan,103.83,183,218,401,2012
4,Ahed Joughili ,Syria,104.98,180,218,398,2012
5,Artūrs Plēsnieks ,Latvia,103.69,175,215,390,2012
6,Jorge Arroyo ,Ecuador,103.96,185,200,385,2012
7,Jürgen Spieß ,Germany,104.45,172,202,374,2012
8,Serhiy Tahirov ,Ukraine,104.72,174,200,374,2012
9,Martin Tešovič ,Slovakia,104.19,167,196,363,2012
10,Alexandr Zaichikov ,Kazakhstan,94.74,155,205,360,2012
11,Jorge García ,Chile,104.41,150,191,341,2012
12,Walid Bidani ,Algeria,101.45,160,180,340,2012
1,Behdad Salimi ,Iran,168.19,208,247,455,2012
2,Sajjad Anoushiravani ,Iran,152.46,204,245,449,2012
3,Ruslan Albegov ,Russia,147.15,208,240,448,2012
4,Jeon Sang-guen ,South Korea,157.53,190,246,436,2012
5,Irakli Turmanidze ,Georgia,126.23,201,232,433,2012
6,Ihor Shymechko ,Ukraine,137.38,197,232,429,2012
7,Jiří Orság ,Czech Republic,128.15,187,239,426,2012
8,Almir Velagić ,Germany,141.41,192,234,426,2012
9,Chen Shih-chieh ,Chinese Taipei,141.14,182,236,418,2012
10,Péter Nagy ,Hungary,155.55,191,225,416,2012
11,Fernando Reis ,Brazil,140.49,180,220,400,2012
12,Kazuomi Ota ,Japan,146.51,185,215,400,2012
13,Itte Detenamo ,Nauru,151.32,175,215,390,2012
14,Christian López ,Guatemala,139.15,172,215,387,2012
15,Damon Kelly ,Australia,150.83,165,216,381,2012
16,Frederic Fokejou ,Cameroon,132.74,160,202,362,2012
17,Carl Henriquez ,Aruba,150.38,122,160,282,2012
1,Wang Mingjuan ,China,47.73,91,114,205,2012
2,Hiromi Miyake ,Japan,47.74,87,110,197,2012
3,Ryang Chun-hwa ,North Korea,47.52,80,112,192,2012
4,Sirivimon Pramongkhol ,Thailand,47.23,82,109,191,2012
5,Nurdan Karagöz ,Turkey,46.99,83,104,187,2012
6,Honami Mizuochi ,Japan,47.77,80,96,176,2012
7,Ngangbam Soniya Chanu ,India,47.74,74,97,171,2012
8,Betsi Rivas ,Venezuela,47.43,70,98,168,2012
9,Beatriz Pirón ,Dominican Republic,47.85,77,90,167,2012
10,Mélanie Bardis ,France,47.71,73,93,166,2012
11,Lely Burgos ,Puerto Rico,47.61,65,92,157,2012
12,Nathalia Rakotondramanana ,Madagascar,47.74,55,80,135,2012
1,Hsu Shu-ching ,Chinese Taipei,52.41,96,123,219,2012
2,Citra Febrianti ,Indonesia,52.53,91,115,206,2012
3,Iulia Paratova ,Ukraine,52.43,91,108,199,2012
4,Rusmeris Villar ,Colombia,52.59,87,109,196,2012
5,Aleksandra Klejnowska ,Poland,52.67,84,112,196,2012
6,Nguyễn Thị Thúy ,Vietnam,52.23,85,110,195,2012
7,Yu Weili ,"Hong Kong, China",52.95,90,105,195,2012
8,Inmara Henríquez ,Venezuela,52.84,81,113,194,2012
9,Julia Rohde ,Germany,52.45,85,108,193,2012
10,Kanae Yagi ,Japan,52.36,82,109,191,2012
11,Joanna Łochowska ,Poland,52.57,84,107,191,2012
12,Dika Toua ,Papua New Guinea,52.48,79,95,174,2012
13,Helena Wong ,SIN,52.31,61,73,134,2012
1,Li Xueying ,China,57.98,108,138,246,2012
2,Pimsiri Sirikaew ,Thailand,57.76,100,136,236,2012
3,Rattikan Gulnoi ,Thailand,57.71,100,134,234,2012
4,Jong Chun-mi ,North Korea,57.63,101,130,231,2012
5,Nastassia Novikava ,Belarus,57.94,103,127,230,2012
6,Kuo Hsing-chun ,Chinese Taipei,56.95,99,129,228,2012
7,Alexandra Escobar ,Ecuador,57.48,103,123,226,2012
8,Jackelina Heredia ,Colombia,57.86,100,125,225,2012
9,Romela Begaj ,Albania,57.94,101,115,216,2012
10,Zoe Smith ,Great Britain,57.97,90,121,211,2012
11,Christin Ulrich ,Germany,57.4,93,114,207,2012
12,Yang Eun-hye ,South Korea,57.93,87,113,200,2012
13,Bediha Tunadağı ,Turkey,57.34,87,107,194,2012
14,Annie Moniqui ,Canada,57.91,85,105,190,2012
15,Jenly Tegu Wini ,Solomon Islands,57.43,65,95,160,2012
1,Christine Girard ,Canada,62.87,103,133,236,2012
2,Milka Maneva ,Bulgaria,62.66,102,131,233,2012
3,Luz Acosta ,Mexico,62.91,99,125,224,2012
4,Seen Lee ,Australia,59.65,83,103,186,2012
5,Maria Liku ,Fiji,61.45,82,100,182,2012
6,Lucía Castañeda ,Nicaragua,62.45,79,97,176,2012
7,Silvana Saldarriaga ,Peru,58.11,75,97,172,2012
1,Rim Jong-sim ,North Korea,68.22,115,146,261,2012
2,Anna Nurmukhambetova ,Kazakhstan,68.71,115,136,251,2012
3,Ubaldina Valoyes ,Colombia,68.98,111,135,246,2012
4,Huang Shih-hsu ,Chinese Taipei,68.45,110,131,241,2012
5,Marie-Ève Beauchemin-Nadeau ,Canada,68.92,104,135,239,2012
6,Esmat Mansour ,Egypt,68.42,105,130,235,2012
7,Ghada Hassine ,Tunisia,68.64,102,120,222,2012
8,Rosa Tenorio ,Ecuador,68.72,95,115,210,2012
9,Natasha Perdue ,Great Britain,67.98,92,113,205,2012
10,Mercy Obiero ,Kenya,67.85,76,105,181,2012
1,Lidia Valentín ,Spain,74.39,120,145,265,2012
2,Abeer Abdelrahman ,Egypt,74.6,118,140,258,2012
3,Madias Nzesso ,Cameroon,74.55,115,131,246,2012
4,Ewa Mizdal ,Poland,70.58,104,127,231,2012
5,Jaqueline Ferreira ,Brazil,74.12,102,128,230,2012
6,María Fernanda Valdés ,Chile,74.7,96,127,223,2012
7,Lim Ji-hye ,South Korea,74.81,97,126,223,2012
8,Thuraia Sobh ,Syria,73.36,86,115,201,2012
9,Khadija Mohammed ,United Arab Emirates,74.72,51,62,113,2012
1,Zhou Lulu ,China,130.83,146,187,333,2012
2,Tatiana Kashirina ,Russia,102.31,151,181,332,2012
3,Jang Mi-ran ,South Korea,118.07,125,164,289,2012
4,Nahla Ramadan ,Egypt,105.51,122,155,277,2012
5,Ele Opeloge ,Samoa,124.89,117,150,267,2012
6,Sarah Robles ,United States,124.35,120,145,265,2012
7,Oliba Nieve ,Ecuador,97.43,117,138,255,2012
8,Mami Shimamoto ,Japan,105.9,110,143,253,2012
9,Holley Mangold ,United States,157.04,105,135,240,2012
10,Astrid Camposeco ,Guatemala,88.52,93,115,208,2012
11,Luisa Peters ,Cook Islands,88.58,82,100,182,2012
12,Alberta Ampomah ,Ghana,78.53,73,101,174,2012
1,Long Qingquan,China,55.68,137,170,307,2016
2,Om Yun-chol,North Korea,55.57,134,169,303,2016
3,Sinphet Kruaithong,Thailand,55.43,132,157,289,2016
4,Arli Chontey,Kazakhstan,55.64,130,148,278,2016
5,Trần Lê Quốc Toàn,Vietnam,55.85,121,154,275,2016
6,Habib de las Salas,Colombia,55.84,119,147,266,2016
7,Mirco Scarantino,Italy,55.91,115,149,264,2016
8,Luis García,Dominican Republic,55.56,118,145,263,2016
9,Witoon Mingmoon,Thailand,55.67,113,148,261,2016
10,Edgar Pineda,Guatemala,56.0,108,143,251,2016
11,Hiroaki Takao,Japan,55.9,111,138,249,2016
12,Tan Chi-chung,Chinese Taipei,55.89,110,138,248,2016
13,Manueli Tulo,Fiji,55.81,106,136,242,2016
14,Tom Goegebuer,Belgium,55.74,111,130,241,2016
15,Elson Brechtefeld,Nauru,55.62,98,125,223,2016
1,Óscar Figueroa,Colombia,61.86,142,176,318,2016
2,Eko Yuli Irawan,Indonesia,61.91,142,170,312,2016
3,Farkhad Kharki,Kazakhstan,61.6,135,170,305,2016
4,Yoichi Itokazu,Japan,61.87,133,169,302,2016
5,Ahmed Saad,Egypt,62.0,133,161,294,2016
6,Morea Baru,Papua New Guinea,61.72,126,164,290,2016
7,Muhammad Hasbi,Indonesia,61.97,130,160,290,2016
8,Vaipava Nevo Ioane,Samoa,61.9,120,161,281,2016
9,Han Myeong-mok,South Korea,61.81,130,150,280,2016
10,Julio Salamanca,El Salvador,62.0,120,155,275,2016
11,Julio Acosta González,Chile,61.3,120,146,266,2016
12,Yosuke Nakayama,Japan,62.0,121,145,266,2016
13,Rick Yves Confiance,Seychelles,62.0,105,127,232,2016
1,Shi Zhiyong ,China,68.72,162,190,352,2016
2,Daniyar Ismayilov ,Turkey,68.59,163,188,351,2016
3,Luis Javier Mosquera ,Colombia,68.54,155,183,338,2016
4,Bredni Roque ,Mexico,68.63,145,181,326,2016
5,Briken Calja ,Albania,68.84,145,181,326,2016
6,Serghei Cechir ,Moldova,68.75,144,178,322,2016
7,Bernardin Matam ,France,68.71,140,180,320,2016
8,Won Jeong-sik ,South Korea,68.95,143,177,320,2016
9,Triyatno ,Indonesia,68.6,142,175,317,2016
10,David Sánchez ,Spain,68.61,142,175,317,2016
11,Tairat Bunsuk ,Thailand,68.65,137,179,316,2016
12,Muhammad Erry Hidayat ,Malaysia,68.71,140,176,316,2016
13,Kwon Yong-gwang ,North Korea,68.36,137,176,313,2016
14,Doston Yokubov ,Uzbekistan,68.95,137,176,313,2016
15,Edwin Mosquera ,Colombia,68.69,140,170,310,2016
16,Mohsen Al-Duhaylib ,Saudi Arabia,68.96,135,162,297,2016
17,Pan Chien-hung ,Chinese Taipei,68.79,136,160,296,2016
1,Lü Xiaojun ,China,76.83,177,202,379,2016
2,Mohamed Ehab ,Egypt,76.69,165,196,361,2016
3,Chatuphum Chinnawong ,Thailand,76.52,165,191,356,2016
4,Alexandru Șpac ,Moldova,76.52,155,192,347,2016
5,Andrés Caicedo ,Colombia,76.26,155,191,346,2016
6,Andrés Mata ,Spain,76.32,153,190,343,2016
7,Choe Jon-wi ,North Korea,76.54,153,190,343,2016
8,Ibrahim Abdelbaki ,Egypt,76.9,152,186,338,2016
9,Nico Müller ,Germany,76.7,151,181,332,2016
10,Sathish Sivalingam ,India,76.96,148,181,329,2016
11,Deni ,Indonesia,69.38,146,177,323,2016
1,Kianoush Rostami ,Iran,84.26,179,217,396,2016
2,Tian Tao ,China,84.85,178,217,395,2016
3,Denis Ulanov ,Kazakhstan,84.95,175,215,390,2016
4,Oleksandr Pielieshenko ,Ukraine,84.73,175,210,385,2016
5,Petr Asayonak ,Belarus,84.24,170,207,377,2016
6,Pavel Khadasevich ,Belarus,84.47,170,195,365,2016
7,Fares El-Bakh ,Qatar,84.79,158,203,361,2016
8,Giovanni Bardis ,France,84.63,165,192,357,2016
9,Benjamin Hennequin ,France,84.43,155,195,350,2016
10,Yoelmis Hernández ,Cuba,84.49,150,200,350,2016
11,Theodoros Iakovidis ,Greece,84.58,160,190,350,2016
12,Pascal Plamondon ,Canada,85.0,155,190,345,2016
13,Yu Dong-ju ,South Korea,84.44,150,190,340,2016
14,Amar Musić ,Croatia,84.58,150,186,336,2016
15,Richie Patterson ,New Zealand,84.13,149,181,330,2016
16,Hoàng Tấn Tài ,Vietnam,84.27,145,180,325,2016
17,Welisson Silva ,Brazil,84.69,145,180,325,2016
18,Milko Tokola ,Finland,84.79,145,175,320,2016
19,Khalid El-Aabidi ,Morocco,80.57,120,165,285,2016
20,Christian Amoah ,Ghana,83.52,130,153,283,2016
1,Sohrab Moradi ,Iran,93.64,182,221,403,2016
2,Vadzim Straltsou ,Belarus,93.7,175,220,395,2016
3,Aurimas Didžbalis ,Lithuania,92.42,177,215,392,2016
4,Sarat Sumpradit ,Thailand,93.05,177,213,390,2016
5,Ragab Abdelhay ,Egypt,93.45,174,213,387,2016
6,Dmytro Chumak ,Ukraine,93.66,174,213,387,2016
7,Ali Hashemi ,Iran,93.1,173,210,383,2016
8,Aliaksandr Bersanau ,Belarus,93.57,173,208,381,2016
9,Volodymyr Hoza ,Ukraine,93.66,170,205,375,2016
10,Park Han-woong ,South Korea,92.39,165,202,367,2016
11,Kendrick Farris ,United States,93.24,160,197,357,2016
12,Kévin Bouly ,France,93.76,155,190,345,2016
13,Simplice Ribouem ,Australia,93.25,155,185,340,2016
14,Sonny Webster ,Great Britain,93.58,148,185,333,2016
15,Cristopher Pavón ,Honduras,93.26,145,180,325,2016
16,Petit Minkoumba ,Cameroon,91.61,140,165,305,2016
17,James Adede ,Kenya,92.89,116,140,256,2016
1,Ruslan Nurudinov ,Uzbekistan,104.96,194,237,431,2016
2,Simon Martirosyan ,Armenia,104.63,190,227,417,2016
3,Aleksandr Zaychikov ,Kazakhstan,104.51,193,223,416,2016
4,Yang Zhe ,China,104.59,190,225,415,2016
5,Ivan Efremov ,Uzbekistan,104.9,194,220,414,2016
6,Mohammad Reza Barari ,Iran,104.65,186,220,406,2016
7,Arkadiusz Michalski ,Poland,104.77,179,221,400,2016
8,Artūrs Plēsnieks ,Latvia,103.99,181,218,399,2016
9,Salwan Jassim Abbood ,Iraq,103.8,180,214,394,2016
10,Jürgen Spieß ,Germany,104.51,170,220,390,2016
11,Sargis Martirosjan ,Austria,104.19,179,210,389,2016
12,Gaber Mohamed ,Egypt,104.98,173,204,377,2016
13,Hernán Viera ,Peru,103.85,151,200,351,2016
14,David Katoatau ,Kiribati,104.58,145,204,349,2016
1,Lasha Talakhadze ,Georgia,157.34,215,258,473,2016
2,Gor Minasyan ,Armenia,143.67,210,241,451,2016
3,Irakli Turmanidze ,Georgia,135.58,207,241,448,2016
4,Ruben Aleksanyan ,Armenia,151.64,195,245,440,2016
5,Fernando Reis ,Brazil,154.58,195,240,435,2016
6,Rustam Djangabaev ,Uzbekistan,145.88,195,237,432,2016
7,Mart Seim ,Estonia,149.1,187,243,430,2016
8,Jiří Orság ,Czech Republic,127.27,185,240,425,2016
9,Almir Velagić ,Germany,149.17,188,232,420,2016
10,Péter Nagy ,Hungary,158.86,193,227,420,2016
11,Sardorbek Dustmurotov ,Uzbekistan,109.79,179,232,411,2016
12,Aliksei Mzhachyk ,Belarus,135.6,187,224,411,2016
13,Walid Bidani ,Algeria,123.46,190,220,410,2016
14,Fernando Salas ,Ecuador,162.5,184,221,405,2016
15,Man Asaad ,Syria,143.42,180,220,400,2016
16,Alexej Prochorow ,Germany,138.31,180,215,395,2016
17,Igor Olshanetskyi ,Israel,129.54,165,207,372,2016
18,Ondrej Kružel ,Slovakia,118.64,165,206,371,2016
19,Ihor Shymechko ,Ukraine,129.75,170,195,365,2016
1,Sopita Tanasan,Thailand,47.91,92,108,200,2016
2,Sri Wahyuni Agustiani,Indonesia,47.25,85,107,192,2016
3,Hiromi Miyake,Japan,47.95,81,107,188,2016
4,Beatriz Pirón,Dominican Republic,47.5,85,102,187,2016
5,Margarita Yelisseyeva,Kazakhstan,47.72,80,106,186,2016
6,Morghan King,United States,47.79,83,100,183,2016
7,Chen Wei-ling,Chinese Taipei,47.13,81,100,181,2016
8,Iulia Paratova,Ukraine,47.74,84,95,179,2016
9,Roilya Ranaivosoa,Mauritius,47.9,80,93,173,2016
10,Zhanyl Okoeva,Kyrgyzstan,47.56,72,97,169,2016
1,Hsu Shu-ching,Chinese Taipei,52.6,100,112,212,2016
2,Hidilyn Diaz,Philippines,52.61,88,112,200,2016
3,Yoon Jin-hee,South Korea,52.59,88,111,199,2016
4,Rebeka Koha,Latvia,52.11,90,107,197,2016
5,Rosane Santos,Brazil,52.57,90,103,193,2016
6,Kanae Yagi,Japan,52.39,81,105,186,2016
7,Dewi Safitri,Indonesia,52.78,80,105,185,2016
8,Evagjelia Veli,Albania,51.58,75,90,165,2016
9,Lely Burgos,Puerto Rico,49.53,72,90,162,2016
10,Scarleth Mercado,Nicaragua,52.85,66,89,155,2016
11,Fiorella Cueva,Peru,48.32,65,88,153,2016
12,Sofía Rito,Uruguay,51.74,64,82,146,2016
1,Sukanya Srisurat,Thailand,56.89,110,130,240,2016
2,Pimsiri Sirikaew,Thailand,57.4,102,130,232,2016
3,Kuo Hsing-chun,Chinese Taipei,57.86,102,129,231,2016
4,Alexandra Escobar,Ecuador,57.23,100,123,223,2016
5,Mikiko Ando,Japan,57.56,94,124,218,2016
6,Yuderqui Contreras,Dominican Republic,57.58,100,117,217,2016
7,Lina Rivas,Colombia,57.92,96,120,216,2016
8,Patricia Domínguez,Mexico,57.47,96,115,211,2016
9,Yusleidy Figueroa,Venezuela,57.71,85,116,201,2016
10,Sabine Kusterer,Germany,57.7,90,110,200,2016
11,Mathlynn Sasser,Marshall Islands,56.8,87,112,199,2016
12,Angelica Roos,Sweden,57.9,84,110,194,2016
13,Veronika Ivasiuk,Ukraine,57.1,90,103,193,2016
14,Tia-Clair Toomey,Australia,57.7,82,107,189,2016
15,Jenly Tegu Wini,Solomon Islands,57.5,84,104,188,2016
16,Ayesha Al-Balooshi,United Arab Emirates,57.0,72,90,162,2016
1,Deng Wei,China,62.34,115,147,262,2016
2,Choe Hyo-sim,North Korea,62.17,105,143,248,2016
3,Karina Goricheva,Kazakhstan,62.66,111,132,243,2016
4,Mercedes Pérez,Colombia,62.74,104,130,234,2016
5,Eva Gurrola,Mexico,62.6,100,120,220,2016
6,Giorgia Bordignon,Italy,62.75,98,119,217,2016
7,Esraa El-Sayed,Egypt,61.98,100,116,216,2016
8,Marina Rodríguez,Cuba,62.2,94,121,215,2016
9,Namika Matsumoto,Japan,62.86,90,115,205,2016
10,Anni Vuohijoki,Finland,62.26,85,107,192,2016
11,Joana Palacios,Argentina,62.95,83,107,190,2016
12,Elisa Ravololoniaina,Madagascar,61.91,85,100,185,2016
13,Mehtap Kurnaz,Turkey,62.16,81,100,181,2016
1,Xiang Yanmei,China,68.78,116,145,261,2016
2,Zhazira Zhapparkul,Kazakhstan,69.0,115,144,259,2016
3,Sara Ahmed,Egypt,68.0,112,143,255,2016
4,Leydi Solís,Colombia,68.61,110,143,253,2016
5,Nazik Avdalyan,Armenia,68.55,107,135,242,2016
6,Darya Pachabut,Belarus,66.88,105,132,237,2016
7,Neisi Dajomes,Ecuador,68.83,107,130,237,2016
8,Mönkhjantsangiin Ankhtsetseg,Mongolia,68.97,106,131,237,2016
9,Marie-Ève Beauchemin-Nadeau,Canada,68.81,98,130,228,2016
10,Rebekah Tiler,Great Britain,68.59,101,126,227,2016
11,Apolonia Vaivai,Fiji,68.88,88,113,201,2016
12,Duygu Aynacı,Turkey,68.83,90,110,200,2016
13,Gulnabat Kadyrova,Turkmenistan,68.73,90,105,195,2016
14,Arcangeline Fouodji,Cameroon,68.08,82,105,187,2016
1,Rim Jong-sim,North Korea,74.47,121,153,274,2016
2,Darya Naumava,Belarus,74.63,116,142,258,2016
3,Lidia Valentín,Spain,74.0,116,141,257,2016
4,Ubaldina Valoyes,Colombia,74.28,111,136,247,2016
5,Iryna Dekha,Ukraine,74.89,114,133,247,2016
6,Jenny Arthur,United States,74.65,107,135,242,2016
7,María Fernanda Valdés,Chile,74.66,107,135,242,2016
8,Gaëlle Nayo-Ketchanke,France,73.61,102,135,237,2016
9,Alejandra Garza,Mexico,74.59,98,126,224,2016
10,Sona Poghosyan,Armenia,72.52,97,126,223,2016
11,Mary Opeloge,Samoa,74.56,100,118,218,2016
12,Natalia Prișcepa,Moldova,73.72,97,116,213,2016
13,Assiya İpek,Turkey,69.77,83,103,186,2016
14,Samira Ouass,Morocco,73.68,75,97,172,2016
1,Meng Suping,China,120.27,130,177,307,2016
2,Kim Kuk-hyang,North Korea,100.43,131,175,306,2016
3,Sarah Robles,United States,143.3,126,160,286,2016
4,Shaimaa Khalaf,Egypt,123.75,117,161,278,2016
5,Lee Hui-sol,South Korea,119.49,122,153,275,2016
6,Son Young-hee,South Korea,109.58,118,155,273,2016
7,Yaniuska Espinosa,Venezuela,114.08,121,152,273,2016
8,Andreea Aanei,Romania,120.01,120,145,265,2016
9,Mariam Usman,Nigeria,122.39,115,150,265,2016
10,Anastasiya Lysenko,Ukraine,100.97,117,146,263,2016
11,Yosra Dhieb,Tunisia,120.06,111,138,249,2016
12,Anastasiia Hotfrid,Georgia,86.98,113,135,248,2016
13,Tracey Lambrechs,New Zealand,106.54,98,133,231,2016
14,Luisa Peters,Cook Islands,100.27,100,124,224,2016
15,Bouchra Fatima Zohra Hirech,Algeria,80.35,87,105,192,2016
1,Li Fabin,China,60.9,141,172,313,2020
2,Eko Yuli Irawan,Indonesia,60.8,137,165,302,2020
3,Igor Son,Kazakhstan,60.25,131,163,294,2020
4,Yoichi Itokazu,Japan,60.85,133,159,292,2020
5,Seraj Al-Saleem,Saudi Arabia,60.9,129,159,288,2020
6,Davide Ruiu,Italy,60.9,127,159,286,2020
7,Shota Mishvelidze,Georgia,60.95,130,155,285,2020
8,Luis García,Dominican Republic,60.95,120,154,274,2020
9,Simon Brandhuber,Germany,61.0,123,145,268,2020
10,Morea Baru,Papua New Guinea,61.0,118,147,265,2020
11,Eric Andriantsitohaina,Madagascar,60.1,114,150,264,2020
12,Marcos Rojas,Peru,60.9,105,135,240,2020
1,Chen Lijun,China,66.85,145,187,332,2020
2,Luis Javier Mosquera,Colombia,66.85,151,180,331,2020
3,Mirko Zanni,Italy,66.95,145,177,322,2020
4,Han Myeong-mok,South Korea,66.9,147,174,321,2020
5,Talha Talib,Pakistan,66.95,150,170,320,2020
6,Adkhamjon Ergashev,Uzbekistan,67.0,139,173,312,2020
7,Mitsunori Konnai,Japan,66.95,135,172,307,2020
8,Goga Chkheidze,Georgia,66.95,133,169,302,2020
9,Deni,Indonesia,66.75,135,166,301,2020
10,Jonathan Muñoz,Mexico,66.85,135,163,298,2020
11,Tojonirina Andriantsitohaina,Madagascar,66.0,130,155,285,2020
12,Ruben Katoatau,Kiribati,67.0,105,140,245,2020
1,Shi Zhiyong,China,72.85,166,198,364,2020
2,Julio Mayora,Venezuela,72.6,156,190,346,2020
3,Rahmat Erwin Abdullah,Indonesia,72.41,152,190,342,2020
4,Briken Calja,Albania,72.85,151,190,341,2020
5,Bozhidar Andreev,Bulgaria,72.75,154,184,338,2020
6,Karem Ben Hnia,Tunisia,72.8,153,185,338,2020
7,Masanori Miyamoto,Japan,72.8,147,188,335,2020
8,Marin Robu,Moldova,72.95,155,175,330,2020
9,Clarence Cummings,United States,72.9,145,180,325,2020
10,David Sánchez,Spain,72.9,146,177,323,2020
11,Jorge Cárdenas,Mexico,72.65,145,175,320,2020
12,Mahmoud Al-Humayd,Saudi Arabia,72.5,141,165,306,2020
13,Brandon Wakeling,Australia,72.4,125,166,291,2020
14,Abderrahim Moum,Morocco,71.95,127,151,278,2020
1,Lü Xiaojun,China,80.75,170,204,374,2020
2,Zacarías Bonnat,Dominican Republic,80.9,163,204,367,2020
3,Antonino Pizzolato,Italy,80.9,165,200,365,2020
4,Harrison Maurus,United States,80.95,161,200,361,2020
5,Brayan Rodallegas,Colombia,80.8,163,196,359,2020
6,Ritvars Suharevs,Latvia,80.9,163,195,358,2020
7,Nico Müller,Germany,80.9,159,195,354,2020
8,Andrés Mata,Spain,80.7,158,189,347,2020
9,Erkand Qerimaj,Albania,80.55,157,181,338,2020
10,Amur Salim Al-Khanjari,Oman,81.0,140,177,317,2020
11,Cameron McTaggart,New Zealand,80.8,140,175,315,2020
1,Fares El-Bakh,Qatar,95.7,177,225,402,2020
2,Keydomar Vallenilla,Venezuela,95.0,177,210,387,2020
3,Anton Pliesnoi,Georgia,96.0,177,210,387,2020
4,Boady Santavy,Canada,95.4,178,208,386,2020
5,Chen Po-jen,Chinese Taipei,95.85,176,205,381,2020
6,Bekdoolot Rasulbekov,Kyrgyzstan,95.7,166,208,374,2020
7,Bartłomiej Adamus,Poland,95.95,163,197,360,2020
8,Yu Dong-ju,South Korea,92.55,160,200,360,2020
9,Olfides Sáez,Cuba,92.35,156,203,359,2020
10,Cyrille Tchatchet II,Refugee Olympic Team,95.45,155,195,350,2020
11,Theodoros Iakovidis,Greece,91.9,156,182,338,2020
1,Akbar Djuraev,Uzbekistan,109.0,193,237,430,2020
2,Simon Martirosyan,Armenia,108.9,195,228,423,2020
3,Artūrs Plēsnieks,Latvia,108.85,180,230,410,2020
4,Timur Naniev,ROC,108.95,188,221,409,2020
5,Hristo Hristov,Bulgaria,108.9,189,219,408,2020
6,Jin Yun-seong,South Korea,107.3,180,220,400,2020
7,Arkadiusz Michalski,Poland,108.6,175,216,391,2020
8,Wesley Kitts,United States,108.35,177,213,390,2020
9,Aymen Bacha,Tunisia,108.1,177,211,388,2020
10,Öwez Öwezow,Turkmenistan,108.8,171,200,371,2020
11,Arnas Šidiškis,Lithuania,105.35,156,187,343,2020
12,Matthew Lydement,Australia,108.35,158,180,338,2020
13,Tanumafili Jungblut,American Samoa,108.9,150,180,330,2020
1,Lasha Talakhadze,Georgia,177.00,223,265,488,2020
2,Ali Davoudi,Iran,168.25,200,241,441,2020
3,Man Asaad,Syria,147.55,190,234,424,2020
4,Hojamuhammet Toýçyýew,Turkmenistan,141.85,184,230,414,2020
5,David Liti,New Zealand,176.55,178,236,414,2020
6,Enzo Kuworge,Netherlands,161.10,175,234,409,2020
7,Péter Nagy,Hungary,160.30,178,218,396,2020
8,Marcos Ruiz,Spain,109.90,180,215,395,2020
9,Caine Wilkes,United States,151.15,173,217,390,2020
10,Sargis Martirosjan,Austria,114.35,180,201,381,2020
11,David Litvinov,Israel,128.30,176,205,381,2020
12,Hsieh Yun-ting,Chinese Taipei,126.05,172,206,378,2020
1,Hou Zhihui,China,49.0,94,116,210,2020
2,Saikhom Mirabai Chanu,India,48.85,87,115,202,2020
3,Windy Cantika Aisah,Indonesia,48.8,84,110,194,2020
4,Fang Wan-ling,Chinese Taipei,48.65,80,101,181,2020
5,Nina Sterckx,Belgium,48.75,81,99,180,2020
6,Ludia Montero,Cuba,49.0,82,96,178,2020
7,Anaïs Michel,France,48.9,78,99,177,2020
8,Beatriz Pirón,Dominican Republic,49.0,81,95,176,2020
9,Natasha Rosa Figueiredo,Brazil,48.95,78,95,173,2020
10,Dika Toua,Papua New Guinea,48.95,72,95,167,2020
11,Roilya Ranaivosoa,Mauritius,48.95,73,91,164,2020
1,Hidilyn Diaz,Philippines,54.8,97,127,224,2020
2,Liao Qiuyun,China,54.65,97,126,223,2020
3,Zulfiya Chinshanlo,Kazakhstan,54.95,90,123,213,2020
4,Muattar Nabieva,Uzbekistan,54.95,98,114,212,2020
5,Kamila Konotop,Ukraine,54.95,94,112,206,2020
6,Kristina Şermetowa,Turkmenistan,54.85,90,115,205,2020
7,Ham Eun-ji,South Korea,54.9,85,116,201,2020
8,Nouha Landoulsi,Tunisia,54.85,88,108,196,2020
9,Ana Gabriela López,Mexico,54.8,90,105,195,2020
10,Joanna Łochowska,Poland,54.7,84,102,186,2020
11,Kanae Yagi,Japan,54.75,81,102,183,2020
12,Rachel Leblanc-Bazinet,Canada,54.9,82,99,181,2020
13,Chiang Nien-hsin,Chinese Taipei,54.8,81,95,176,2020
14,Mary Kini Lifu,Solomon Islands,54.5,67,87,154,2020
1,Kuo Hsing-chun,Chinese Taipei,58.65,103,133,236,2020
2,Polina Guryeva,Turkmenistan,58.95,96,121,217,2020
3,Mikiko Ando,Japan,58.7,94,120,214,2020
4,Dora Tchakounté,France,58.55,96,117,213,2020
5,Hoàng Thị Duyên,Vietnam,58.65,95,113,208,2020
6,Yusleidy Figueroa,Venezuela,58.8,91,115,206,2020
7,Izabella Yaylyan,Armenia,58.15,95,110,205,2020
8,Zoe Smith,Great Britain,58.95,87,113,200,2020
9,Tali Darsigny,Canada,59.0,90,109,199,2020
10,Sabine Kusterer,Germany,58.7,91,107,198,2020
11,Maria Grazia Alemanno,Italy,58.95,85,100,185,2020
12,Erika Yamasaki,Australia,58.75,75,95,170,2020
1,Maude Charron,Canada,63.3,105,131,236,2020
2,Giorgia Bordignon,Italy,63.7,104,128,232,2020
3,Chen Wen-huei,Chinese Taipei,63.9,103,127,230,2020
4,Mercedes Pérez,Colombia,63.7,101,126,227,2020
5,Sarah Davies,Great Britain,63.9,100,127,227,2020
6,Angie Palacios,Ecuador,63.55,104,122,226,2020
7,Elreen Ando,Philippines,63.15,100,122,222,2020
8,Marina Rodríguez,Cuba,64.0,98,123,221,2020
9,Nuray Levent,Turkey,63.1,100,120,220,2020
10,Lisa Schweizer,Germany,63.6,100,117,217,2020
11,Kiana Elliott,Australia,63.4,101,108,209,2020
12,Sema Ludrick,Nicaragua,64.0,87,115,202,2020
13,Yasmin Zammit Stevens,Malta,63.7,84,105,189,2020
1,Neisi Dajomes,Ecuador,75.1,118,145,263,2020
2,Katherine Nye,United States,75.15,111,138,249,2020
3,Aremi Fuentes,Mexico,75.65,108,137,245,2020
4,Patricia Strenius,Sweden,72.8,102,133,235,2020
5,Darya Naumava,Belarus,75.3,103,131,234,2020
6,Kumushkhon Fayzullaeva,Uzbekistan,71.8,101,126,227,2020
7,Emily Muskett,Great Britain,71.85,98,124,222,2020
8,Kristel Ngarlem,Canada,75.35,95,123,218,2020
9,Mahassen Fattouh,Lebanon,69.6,93,124,217,2020
10,Nancy Genzel Abouke,Nauru,71.8,90,113,203,2020
11,Jeanne Gaëlle Eyenga,Cameroon,75.5,91,111,202,2020
1,Wang Zhouyu,China,84.2,120,150,270,2020
2,Tamara Salazar,Ecuador,85.3,113,150,263,2020
3,Crismery Santana,Dominican Republic,86.5,116,140,256,2020
4,Mönkhjantsangiin Ankhtsetseg,Mongolia,86.95,110,142,252,2020
5,Gaëlle Nayo-Ketchanke,France,84.05,108,139,247,2020
6,Mattie Rogers,United States,78.55,108,138,246,2020
7,Naryury Pérez,Venezuela,86.35,112,130,242,2020
8,Elena Cîlcic,Moldova,86.8,105,135,240,2020
9,Kang Yeoun-hee,South Korea,76.7,103,128,231,2020
10,Lidia Valentín,Spain,80.6,103,122,225,2020
11,Clementine Meukeugni,Cameroon,85.85,99,125,224,2020
1,Li Wenwen,China,150.1,140,180,320,2020
2,Emily Campbell,Great Britain,124.8,122,161,283,2020
3,Sarah Robles,United States,148.3,128,154,282,2020
4,Lee Seon-mi,South Korea,118.9,125,152,277,2020
5,Nurul Akmal,Indonesia,113.55,115,141,256,2020
6,Charisma Amoe-Tarrant,Australia,154.05,105,138,243,2020
7,Verónica Saladín,Dominican Republic,126.2,111,131,242,2020
8,Kuinini Manumua,Tonga,108.5,103,125,228,2020
9,Eyurkenia Duverger,Cuba,103.65,96,129,225,2020
10,Sarah Fischer,Austria,93.35,97,123,220,2020
11,Anna Van Bellinghen,Belgium,87.1,96,123,219,2020
13,Scarleth Ucelo,Guatemala,113.5,87,116,203,2020
